game_id,rally,n_set_rows,n_in,n_out,max_in_run,in_share,out_share,team_a_in_share,team_a_max_in_run,team_a_n_in,team_a_n_out,team_a_n_set_rows,team_a_out_share,team_b_in_share,team_b_max_in_run,team_b_n_in,team_b_n_out,team_b_n_set_rows,team_b_out_share,winning_team
1,1,8,3,5,1,0.375,0.625,0.5,2.0,2.0,2.0,4.0,0.5,0.25,1.0,1.0,3.0,4.0,0.75,a
1,2,1,1,0,1,1.0,0.0,,,,,,,1.0,1.0,1.0,0.0,1.0,0.0,b
1,3,2,2,0,2,1.0,0.0,1.0,1.0,1.0,0.0,1.0,0.0,1.0,1.0,1.0,0.0,1.0,0.0,a
1,5,1,1,0,1,1.0,0.0,1.0,1.0,1.0,0.0,1.0,0.0,,,,,,,a
1,6,1,0,1,0,0.0,1.0,,,,,,,0.0,0.0,0.0,1.0,1.0,1.0,a
1,7,1,1,0,1,1.0,0.0,,,,,,,1.0,1.0,1.0,0.0,1.0,0.0,b
1,8,1,1,0,1,1.0,0.0,1.0,1.0,1.0,0.0,1.0,0.0,,,,,,,a
1,9,1,0,1,0,0.0,1.0,,,,,,,0.0,0.0,0.0,1.0,1.0,1.0,a
1,10,1,1,0,1,1.0,0.0,,,,,,,1.0,1.0,1.0,0.0,1.0,0.0,b
1,11,2,1,1,1,0.5,0.5,1.0,1.0,1.0,0.0,1.0,0.0,0.0,0.0,0.0,1.0,1.0,1.0,b
1,14,3,2,1,1,0.6666666666666666,0.3333333333333333,0.0,0.0,0.0,1.0,1.0,1.0,1.0,2.0,2.0,0.0,2.0,0.0,b
1,15,2,2,0,2,1.0,0.0,1.0,1.0,1.0,0.0,1.0,0.0,1.0,1.0,1.0,0.0,1.0,0.0,b
1,16,1,1,0,1,1.0,0.0,1.0,1.0,1.0,0.0,1.0,0.0,,,,,,,a
1,18,1,0,1,0,0.0,1.0,0.0,0.0,0.0,1.0,1.0,1.0,,,,,,,a
1,19,1,1,0,1,1.0,0.0,,,,,,,1.0,1.0,1.0,0.0,1.0,0.0,a
1,20,2,1,1,1,0.5,0.5,,,,,,,0.5,1.0,1.0,1.0,2.0,0.5,a
1,21,2,0,2,0,0.0,1.0,,,,,,,0.0,0.0,0.0,2.0,2.0,1.0,b
1,24,1,1,0,1,1.0,0.0,1.0,1.0,1.0,0.0,1.0,0.0,,,,,,,a
1,25,1,1,0,1,1.0,0.0,,,,,,,1.0,1.0,1.0,0.0,1.0,0.0,b
1,27,3,2,1,2,0.6666666666666666,0.3333333333333333,1.0,1.0,1.0,0.0,1.0,0.0,0.5,1.0,1.0,1.0,2.0,0.5,a
1,28,1,1,0,1,1.0,0.0,,,,,,,1.0,1.0,1.0,0.0,1.0,0.0,a
1,29,1,1,0,1,1.0,0.0,1.0,1.0,1.0,0.0,1.0,0.0,,,,,,,a
1,30,2,1,1,1,0.5,0.5,0.0,0.0,0.0,1.0,1.0,1.0,1.0,1.0,1.0,0.0,1.0,0.0,b
1,31,5,2,3,1,0.4,0.6,0.6666666666666666,2.0,2.0,1.0,3.0,0.3333333333333333,0.0,0.0,0.0,2.0,2.0,1.0,b
1,32,3,3,0,3,1.0,0.0,1.0,2.0,2.0,0.0,2.0,0.0,1.0,1.0,1.0,0.0,1.0,0.0,a
1,33,1,1,0,1,1.0,0.0,,,,,,,1.0,1.0,1.0,0.0,1.0,0.0,b
1,34,7,3,4,2,0.42857142857142855,0.5714285714285714,0.5,1.0,2.0,2.0,4.0,0.5,0.3333333333333333,1.0,1.0,2.0,3.0,0.6666666666666666,a
1,35,3,2,1,1,0.6666666666666666,0.3333333333333333,0.0,0.0,0.0,1.0,1.0,1.0,1.0,2.0,2.0,0.0,2.0,0.0,b
1,36,3,3,0,3,1.0,0.0,1.0,3.0,3.0,0.0,3.0,0.0,,,,,,,a
1,37,2,1,1,1,0.5,0.5,,,,,,,0.5,1.0,1.0,1.0,2.0,0.5,b
1,38,1,1,0,1,1.0,0.0,1.0,1.0,1.0,0.0,1.0,0.0,,,,,,,a
1,39,1,1,0,1,1.0,0.0,,,,,,,1.0,1.0,1.0,0.0,1.0,0.0,a
1,40,1,1,0,1,1.0,0.0,,,,,,,1.0,1.0,1.0,0.0,1.0,0.0,a
1,41,1,0,1,0,0.0,1.0,,,,,,,0.0,0.0,0.0,1.0,1.0,1.0,a
1,42,1,0,1,0,0.0,1.0,,,,,,,0.0,0.0,0.0,1.0,1.0,1.0,b
1,45,3,2,1,1,0.6666666666666666,0.3333333333333333,1.0,2.0,2.0,0.0,2.0,0.0,0.0,0.0,0.0,1.0,1.0,1.0,a
1,46,1,1,0,1,1.0,0.0,,,,,,,1.0,1.0,1.0,0.0,1.0,0.0,b
1,47,3,0,3,0,0.0,1.0,0.0,0.0,0.0,2.0,2.0,1.0,0.0,0.0,0.0,1.0,1.0,1.0,b
1,48,3,2,1,1,0.6666666666666666,0.3333333333333333,1.0,1.0,1.0,0.0,1.0,0.0,0.5,1.0,1.0,1.0,2.0,0.5,b
1,49,2,2,0,2,1.0,0.0,1.0,1.0,1.0,0.0,1.0,0.0,1.0,1.0,1.0,0.0,1.0,0.0,a
1,50,1,1,0,1,1.0,0.0,,,,,,,1.0,1.0,1.0,0.0,1.0,0.0,b
1,51,3,1,2,1,0.3333333333333333,0.6666666666666666,0.5,1.0,1.0,1.0,2.0,0.5,0.0,0.0,0.0,1.0,1.0,1.0,b
1,52,1,1,0,1,1.0,0.0,1.0,1.0,1.0,0.0,1.0,0.0,,,,,,,b
1,53,1,1,0,1,1.0,0.0,1.0,1.0,1.0,0.0,1.0,0.0,,,,,,,a
1,54,1,1,0,1,1.0,0.0,,,,,,,1.0,1.0,1.0,0.0,1.0,0.0,b
1,55,3,2,1,2,0.6666666666666666,0.3333333333333333,0.5,1.0,1.0,1.0,2.0,0.5,1.0,1.0,1.0,0.0,1.0,0.0,a
1,56,1,1,0,1,1.0,0.0,,,,,,,1.0,1.0,1.0,0.0,1.0,0.0,b
1,57,1,1,0,1,1.0,0.0,1.0,1.0,1.0,0.0,1.0,0.0,,,,,,,a
1,58,1,1,0,1,1.0,0.0,,,,,,,1.0,1.0,1.0,0.0,1.0,0.0,b
1,59,1,0,1,0,0.0,1.0,0.0,0.0,0.0,1.0,1.0,1.0,,,,,,,b
1,60,1,1,0,1,1.0,0.0,1.0,1.0,1.0,0.0,1.0,0.0,,,,,,,a
1,61,1,1,0,1,1.0,0.0,,,,,,,1.0,1.0,1.0,0.0,1.0,0.0,b
1,62,1,1,0,1,1.0,0.0,1.0,1.0,1.0,0.0,1.0,0.0,,,,,,,a
1,63,3,3,0,3,1.0,0.0,1.0,1.0,1.0,0.0,1.0,0.0,1.0,2.0,2.0,0.0,2.0,0.0,b
1,64,9,1,8,1,0.1111111111111111,0.8888888888888888,0.16666666666666666,1.0,1.0,5.0,6.0,0.8333333333333334,0.0,0.0,0.0,3.0,3.0,1.0,a
1,66,1,1,0,1,1.0,0.0,,,,,,,1.0,1.0,1.0,0.0,1.0,0.0,a
1,67,1,1,0,1,1.0,0.0,,,,,,,1.0,1.0,1.0,0.0,1.0,0.0,b
1,68,3,2,1,1,0.6666666666666666,0.3333333333333333,1.0,2.0,2.0,0.0,2.0,0.0,0.0,0.0,0.0,1.0,1.0,1.0,b
1,69,1,1,0,1,1.0,0.0,1.0,1.0,1.0,0.0,1.0,0.0,,,,,,,a
1,70,1,1,0,1,1.0,0.0,,,,,,,1.0,1.0,1.0,0.0,1.0,0.0,b
1,73,2,1,1,1,0.5,0.5,0.0,0.0,0.0,1.0,1.0,1.0,1.0,1.0,1.0,0.0,1.0,0.0,b
1,74,1,1,0,1,1.0,0.0,1.0,1.0,1.0,0.0,1.0,0.0,,,,,,,a
1,75,3,2,1,1,0.6666666666666666,0.3333333333333333,0.0,0.0,0.0,1.0,1.0,1.0,1.0,2.0,2.0,0.0,2.0,0.0,a
1,76,1,1,0,1,1.0,0.0,,,,,,,1.0,1.0,1.0,0.0,1.0,0.0,a
1,77,2,1,1,1,0.5,0.5,0.0,0.0,0.0,1.0,1.0,1.0,1.0,1.0,1.0,0.0,1.0,0.0,a
1,78,1,1,0,1,1.0,0.0,,,,,,,1.0,1.0,1.0,0.0,1.0,0.0,b
1,80,1,0,1,0,0.0,1.0,,,,,,,0.0,0.0,0.0,1.0,1.0,1.0,b
1,81,1,0,1,0,0.0,1.0,0.0,0.0,0.0,1.0,1.0,1.0,,,,,,,a
1,82,3,2,1,1,0.6666666666666666,0.3333333333333333,0.0,0.0,0.0,1.0,1.0,1.0,1.0,2.0,2.0,0.0,2.0,0.0,a
1,83,1,1,0,1,1.0,0.0,,,,,,,1.0,1.0,1.0,0.0,1.0,0.0,b
1,84,1,1,0,1,1.0,0.0,1.0,1.0,1.0,0.0,1.0,0.0,,,,,,,a
1,85,3,2,1,1,0.6666666666666666,0.3333333333333333,1.0,1.0,1.0,0.0,1.0,0.0,0.5,1.0,1.0,1.0,2.0,0.5,b
1,86,1,1,0,1,1.0,0.0,1.0,1.0,1.0,0.0,1.0,0.0,,,,,,,a
1,87,1,1,0,1,1.0,0.0,,,,,,,1.0,1.0,1.0,0.0,1.0,0.0,a
1,88,4,1,3,1,0.25,0.75,0.0,0.0,0.0,1.0,1.0,1.0,0.3333333333333333,1.0,1.0,2.0,3.0,0.6666666666666666,b
1,89,1,1,0,1,1.0,0.0,1.0,1.0,1.0,0.0,1.0,0.0,,,,,,,a
1,90,5,1,4,1,0.2,0.8,0.0,0.0,0.0,1.0,1.0,1.0,0.25,1.0,1.0,3.0,4.0,0.75,a
1,91,1,0,1,0,0.0,1.0,,,,,,,0.0,0.0,0.0,1.0,1.0,1.0,a
1,92,1,0,1,0,0.0,1.0,,,,,,,0.0,0.0,0.0,1.0,1.0,1.0,b
1,93,1,1,0,1,1.0,0.0,1.0,1.0,1.0,0.0,1.0,0.0,,,,,,,a
1,94,1,1,0,1,1.0,0.0,,,,,,,1.0,1.0,1.0,0.0,1.0,0.0,b
1,95,1,1,0,1,1.0,0.0,1.0,1.0,1.0,0.0,1.0,0.0,,,,,,,b
1,98,1,1,0,1,1.0,0.0,1.0,1.0,1.0,0.0,1.0,0.0,,,,,,,b
1,100,1,0,1,0,0.0,1.0,,,,,,,0.0,0.0,0.0,1.0,1.0,1.0,a
1,101,1,0,1,0,0.0,1.0,,,,,,,0.0,0.0,0.0,1.0,1.0,1.0,a
1,102,2,1,1,1,0.5,0.5,0.0,0.0,0.0,1.0,1.0,1.0,1.0,1.0,1.0,0.0,1.0,0.0,a
1,103,1,0,1,0,0.0,1.0,,,,,,,0.0,0.0,0.0,1.0,1.0,1.0,a
1,105,2,1,1,1,0.5,0.5,1.0,1.0,1.0,0.0,1.0,0.0,0.0,0.0,0.0,1.0,1.0,1.0,b
1,106,1,1,0,1,1.0,0.0,1.0,1.0,1.0,0.0,1.0,0.0,,,,,,,a
1,108,2,2,0,2,1.0,0.0,1.0,1.0,1.0,0.0,1.0,0.0,1.0,1.0,1.0,0.0,1.0,0.0,a
1,109,1,1,0,1,1.0,0.0,,,,,,,1.0,1.0,1.0,0.0,1.0,0.0,b
1,110,1,1,0,1,1.0,0.0,1.0,1.0,1.0,0.0,1.0,0.0,,,,,,,a
1,111,1,0,1,0,0.0,1.0,,,,,,,0.0,0.0,0.0,1.0,1.0,1.0,b
1,112,1,1,0,1,1.0,0.0,1.0,1.0,1.0,0.0,1.0,0.0,,,,,,,b
1,113,1,0,1,0,0.0,1.0,0.0,0.0,0.0,1.0,1.0,1.0,,,,,,,a
1,114,2,2,0,2,1.0,0.0,1.0,1.0,1.0,0.0,1.0,0.0,1.0,1.0,1.0,0.0,1.0,0.0,a
1,115,1,1,0,1,1.0,0.0,,,,,,,1.0,1.0,1.0,0.0,1.0,0.0,b
1,116,1,1,0,1,1.0,0.0,1.0,1.0,1.0,0.0,1.0,0.0,,,,,,,a
1,118,2,1,1,1,0.5,0.5,0.0,0.0,0.0,1.0,1.0,1.0,1.0,1.0,1.0,0.0,1.0,0.0,a
1,119,1,1,0,1,1.0,0.0,,,,,,,1.0,1.0,1.0,0.0,1.0,0.0,b
1,120,1,0,1,0,0.0,1.0,0.0,0.0,0.0,1.0,1.0,1.0,,,,,,,b
1,121,7,4,3,2,0.5714285714285714,0.42857142857142855,0.5,2.0,2.0,2.0,4.0,0.5,0.6666666666666666,1.0,2.0,1.0,3.0,0.3333333333333333,b
1,122,1,1,0,1,1.0,0.0,1.0,1.0,1.0,0.0,1.0,0.0,,,,,,,a
1,123,1,1,0,1,1.0,0.0,,,,,,,1.0,1.0,1.0,0.0,1.0,0.0,b
1,125,1,1,0,1,1.0,0.0,,,,,,,1.0,1.0,1.0,0.0,1.0,0.0,b
1,126,1,1,0,1,1.0,0.0,1.0,1.0,1.0,0.0,1.0,0.0,,,,,,,a
1,127,1,1,0,1,1.0,0.0,,,,,,,1.0,1.0,1.0,0.0,1.0,0.0,b
1,130,1,1,0,1,1.0,0.0,,,,,,,1.0,1.0,1.0,0.0,1.0,0.0,a
1,131,1,0,1,0,0.0,1.0,,,,,,,0.0,0.0,0.0,1.0,1.0,1.0,b
1,132,2,1,1,1,0.5,0.5,1.0,1.0,1.0,0.0,1.0,0.0,0.0,0.0,0.0,1.0,1.0,1.0,a
1,134,1,1,0,1,1.0,0.0,1.0,1.0,1.0,0.0,1.0,0.0,,,,,,,
1,136,1,1,0,1,1.0,0.0,,,,,,,1.0,1.0,1.0,0.0,1.0,0.0,b
1,137,1,1,0,1,1.0,0.0,1.0,1.0,1.0,0.0,1.0,0.0,,,,,,,a
1,138,1,0,1,0,0.0,1.0,,,,,,,0.0,0.0,0.0,1.0,1.0,1.0,a
1,139,4,3,1,2,0.75,0.25,0.5,1.0,1.0,1.0,2.0,0.5,1.0,2.0,2.0,0.0,2.0,0.0,a
1,140,2,2,0,2,1.0,0.0,1.0,1.0,1.0,0.0,1.0,0.0,1.0,1.0,1.0,0.0,1.0,0.0,a
1,141,5,2,3,1,0.4,0.6,0.5,1.0,1.0,1.0,2.0,0.5,0.3333333333333333,1.0,1.0,2.0,3.0,0.6666666666666666,a
1,142,1,1,0,1,1.0,0.0,1.0,1.0,1.0,0.0,1.0,0.0,,,,,,,a
1,143,1,1,0,1,1.0,0.0,,,,,,,1.0,1.0,1.0,0.0,1.0,0.0,b
1,144,1,1,0,1,1.0,0.0,1.0,1.0,1.0,0.0,1.0,0.0,,,,,,,a
1,145,1,1,0,1,1.0,0.0,,,,,,,1.0,1.0,1.0,0.0,1.0,0.0,a
1,146,2,1,1,1,0.5,0.5,,,,,,,0.5,1.0,1.0,1.0,2.0,0.5,a
1,147,1,1,0,1,1.0,0.0,,,,,,,1.0,1.0,1.0,0.0,1.0,0.0,b
1,150,1,0,1,0,0.0,1.0,0.0,0.0,0.0,1.0,1.0,1.0,,,,,,,a
1,152,1,1,0,1,1.0,0.0,1.0,1.0,1.0,0.0,1.0,0.0,,,,,,,a
1,153,4,3,1,2,0.75,0.25,0.6666666666666666,1.0,2.0,1.0,3.0,0.3333333333333333,1.0,1.0,1.0,0.0,1.0,0.0,b
1,154,4,3,1,3,0.75,0.25,1.0,2.0,2.0,0.0,2.0,0.0,0.5,1.0,1.0,1.0,2.0,0.5,b
1,155,1,0,1,0,0.0,1.0,0.0,0.0,0.0,1.0,1.0,1.0,,,,,,,a
1,156,1,1,0,1,1.0,0.0,,,,,,,1.0,1.0,1.0,0.0,1.0,0.0,b
1,157,1,1,0,1,1.0,0.0,1.0,1.0,1.0,0.0,1.0,0.0,,,,,,,a
1,158,2,1,1,1,0.5,0.5,0.0,0.0,0.0,1.0,1.0,1.0,1.0,1.0,1.0,0.0,1.0,0.0,a
1,160,2,1,1,1,0.5,0.5,0.0,0.0,0.0,1.0,1.0,1.0,1.0,1.0,1.0,0.0,1.0,0.0,b
1,161,1,1,0,1,1.0,0.0,1.0,1.0,1.0,0.0,1.0,0.0,,,,,,,a
1,162,3,1,2,1,0.3333333333333333,0.6666666666666666,0.5,1.0,1.0,1.0,2.0,0.5,0.0,0.0,0.0,1.0,1.0,1.0,a
1,164,4,3,1,2,0.75,0.25,0.5,1.0,1.0,1.0,2.0,0.5,1.0,2.0,2.0,0.0,2.0,0.0,b
1,165,2,1,1,1,0.5,0.5,1.0,1.0,1.0,0.0,1.0,0.0,0.0,0.0,0.0,1.0,1.0,1.0,b
1,167,1,1,0,1,1.0,0.0,,,,,,,1.0,1.0,1.0,0.0,1.0,0.0,b
1,168,1,1,0,1,1.0,0.0,1.0,1.0,1.0,0.0,1.0,0.0,,,,,,,a
1,169,1,1,0,1,1.0,0.0,,,,,,,1.0,1.0,1.0,0.0,1.0,0.0,a
1,170,1,1,0,1,1.0,0.0,,,,,,,1.0,1.0,1.0,0.0,1.0,0.0,b
1,171,1,1,0,1,1.0,0.0,1.0,1.0,1.0,0.0,1.0,0.0,,,,,,,a
1,172,1,1,0,1,1.0,0.0,,,,,,,1.0,1.0,1.0,0.0,1.0,0.0,b
1,173,2,2,0,2,1.0,0.0,1.0,2.0,2.0,0.0,2.0,0.0,,,,,,,a
1,174,4,2,2,2,0.5,0.5,0.0,0.0,0.0,1.0,1.0,1.0,0.6666666666666666,2.0,2.0,1.0,3.0,0.3333333333333333,b
1,175,2,1,1,1,0.5,0.5,1.0,1.0,1.0,0.0,1.0,0.0,0.0,0.0,0.0,1.0,1.0,1.0,a
1,177,2,2,0,2,1.0,0.0,1.0,1.0,1.0,0.0,1.0,0.0,1.0,1.0,1.0,0.0,1.0,0.0,a
1,178,3,2,1,1,0.6666666666666666,0.3333333333333333,1.0,1.0,1.0,0.0,1.0,0.0,0.5,1.0,1.0,1.0,2.0,0.5,b
1,179,2,1,1,1,0.5,0.5,1.0,1.0,1.0,0.0,1.0,0.0,0.0,0.0,0.0,1.0,1.0,1.0,a
1,180,2,1,1,1,0.5,0.5,,,,,,,0.5,1.0,1.0,1.0,2.0,0.5,a
1,181,1,1,0,1,1.0,0.0,,,,,,,1.0,1.0,1.0,0.0,1.0,0.0,b
1,182,1,1,0,1,1.0,0.0,1.0,1.0,1.0,0.0,1.0,0.0,,,,,,,a
1,184,1,1,0,1,1.0,0.0,1.0,1.0,1.0,0.0,1.0,0.0,,,,,,,a
1,185,3,1,2,1,0.3333333333333333,0.6666666666666666,0.5,1.0,1.0,1.0,2.0,0.5,0.0,0.0,0.0,1.0,1.0,1.0,a
2,2,1,1,0,1,1.0,0.0,,,,,,,1.0,1.0,1.0,0.0,1.0,0.0,b
2,3,1,1,0,1,1.0,0.0,1.0,1.0,1.0,0.0,1.0,0.0,,,,,,,a
2,4,1,0,1,0,0.0,1.0,,,,,,,0.0,0.0,0.0,1.0,1.0,1.0,b
2,5,1,1,0,1,1.0,0.0,1.0,1.0,1.0,0.0,1.0,0.0,,,,,,,a
2,6,3,2,1,1,0.6666666666666666,0.3333333333333333,0.0,0.0,0.0,1.0,1.0,1.0,1.0,2.0,2.0,0.0,2.0,0.0,b
2,7,1,0,1,0,0.0,1.0,0.0,0.0,0.0,1.0,1.0,1.0,,,,,,,b
2,9,3,1,2,1,0.3333333333333333,0.6666666666666666,0.5,1.0,1.0,1.0,2.0,0.5,0.0,0.0,0.0,1.0,1.0,1.0,a
2,11,1,0,1,0,0.0,1.0,0.0,0.0,0.0,1.0,1.0,1.0,,,,,,,a
2,12,2,2,0,2,1.0,0.0,1.0,1.0,1.0,0.0,1.0,0.0,1.0,1.0,1.0,0.0,1.0,0.0,a
2,14,3,1,2,1,0.3333333333333333,0.6666666666666666,0.5,1.0,1.0,1.0,2.0,0.5,0.0,0.0,0.0,1.0,1.0,1.0,b
2,17,1,0,1,0,0.0,1.0,0.0,0.0,0.0,1.0,1.0,1.0,,,,,,,b
2,18,3,2,1,2,0.6666666666666666,0.3333333333333333,0.0,0.0,0.0,1.0,1.0,1.0,1.0,2.0,2.0,0.0,2.0,0.0,a
2,20,2,0,2,0,0.0,1.0,0.0,0.0,0.0,1.0,1.0,1.0,0.0,0.0,0.0,1.0,1.0,1.0,a
2,21,1,0,1,0,0.0,1.0,,,,,,,0.0,0.0,0.0,1.0,1.0,1.0,a
2,22,1,1,0,1,1.0,0.0,,,,,,,1.0,1.0,1.0,0.0,1.0,0.0,b
2,23,1,1,0,1,1.0,0.0,1.0,1.0,1.0,0.0,1.0,0.0,,,,,,,a
2,24,1,1,0,1,1.0,0.0,,,,,,,1.0,1.0,1.0,0.0,1.0,0.0,b
2,25,1,1,0,1,1.0,0.0,1.0,1.0,1.0,0.0,1.0,0.0,,,,,,,a
2,26,2,0,2,0,0.0,1.0,,,,,,,0.0,0.0,0.0,2.0,2.0,1.0,a
2,27,1,1,0,1,1.0,0.0,,,,,,,1.0,1.0,1.0,0.0,1.0,0.0,b
2,28,2,1,1,1,0.5,0.5,1.0,1.0,1.0,0.0,1.0,0.0,0.0,0.0,0.0,1.0,1.0,1.0,a
2,31,3,1,2,1,0.3333333333333333,0.6666666666666666,0.0,0.0,0.0,1.0,1.0,1.0,0.5,1.0,1.0,1.0,2.0,0.5,b
2,33,2,2,0,2,1.0,0.0,1.0,2.0,2.0,0.0,2.0,0.0,,,,,,,a
2,34,1,1,0,1,1.0,0.0,,,,,,,1.0,1.0,1.0,0.0,1.0,0.0,a
2,35,1,1,0,1,1.0,0.0,,,,,,,1.0,1.0,1.0,0.0,1.0,0.0,b
2,36,2,1,1,1,0.5,0.5,0.0,0.0,0.0,1.0,1.0,1.0,1.0,1.0,1.0,0.0,1.0,0.0,b
2,37,1,1,0,1,1.0,0.0,1.0,1.0,1.0,0.0,1.0,0.0,,,,,,,b
2,38,1,1,0,1,1.0,0.0,1.0,1.0,1.0,0.0,1.0,0.0,,,,,,,a
2,39,3,3,0,3,1.0,0.0,1.0,1.0,1.0,0.0,1.0,0.0,1.0,2.0,2.0,0.0,2.0,0.0,a
2,40,1,1,0,1,1.0,0.0,,,,,,,1.0,1.0,1.0,0.0,1.0,0.0,b
2,41,3,1,2,1,0.3333333333333333,0.6666666666666666,0.5,1.0,1.0,1.0,2.0,0.5,0.0,0.0,0.0,1.0,1.0,1.0,a
2,42,2,0,2,0,0.0,1.0,0.0,0.0,0.0,1.0,1.0,1.0,0.0,0.0,0.0,1.0,1.0,1.0,a
2,43,2,1,1,1,0.5,0.5,1.0,1.0,1.0,0.0,1.0,0.0,0.0,0.0,0.0,1.0,1.0,1.0,a
2,44,1,1,0,1,1.0,0.0,,,,,,,1.0,1.0,1.0,0.0,1.0,0.0,b
2,45,3,1,2,1,0.3333333333333333,0.6666666666666666,1.0,1.0,1.0,0.0,1.0,0.0,0.0,0.0,0.0,2.0,2.0,1.0,a
2,46,2,1,1,1,0.5,0.5,0.0,0.0,0.0,1.0,1.0,1.0,1.0,1.0,1.0,0.0,1.0,0.0,a
2,50,1,1,0,1,1.0,0.0,1.0,1.0,1.0,0.0,1.0,0.0,,,,,,,a
2,53,1,1,0,1,1.0,0.0,,,,,,,1.0,1.0,1.0,0.0,1.0,0.0,a
2,55,1,1,0,1,1.0,0.0,,,,,,,1.0,1.0,1.0,0.0,1.0,0.0,b
2,57,1,1,0,1,1.0,0.0,,,,,,,1.0,1.0,1.0,0.0,1.0,0.0,b
2,58,4,1,3,1,0.25,0.75,0.0,0.0,0.0,2.0,2.0,1.0,0.5,1.0,1.0,1.0,2.0,0.5,b
2,59,1,1,0,1,1.0,0.0,1.0,1.0,1.0,0.0,1.0,0.0,,,,,,,a
2,60,1,1,0,1,1.0,0.0,,,,,,,1.0,1.0,1.0,0.0,1.0,0.0,a
2,61,1,0,1,0,0.0,1.0,,,,,,,0.0,0.0,0.0,1.0,1.0,1.0,a
2,64,1,1,0,1,1.0,0.0,1.0,1.0,1.0,0.0,1.0,0.0,,,,,,,a
2,66,2,1,1,1,0.5,0.5,1.0,1.0,1.0,0.0,1.0,0.0,0.0,0.0,0.0,1.0,1.0,1.0,a
2,67,2,1,1,1,0.5,0.5,0.0,0.0,0.0,1.0,1.0,1.0,1.0,1.0,1.0,0.0,1.0,0.0,a
2,68,1,1,0,1,1.0,0.0,,,,,,,1.0,1.0,1.0,0.0,1.0,0.0,b
2,69,2,1,1,1,0.5,0.5,0.5,1.0,1.0,1.0,2.0,0.5,,,,,,,a
2,70,1,1,0,1,1.0,0.0,,,,,,,1.0,1.0,1.0,0.0,1.0,0.0,b
2,71,1,0,1,0,0.0,1.0,0.0,0.0,0.0,1.0,1.0,1.0,,,,,,,a
2,72,1,1,0,1,1.0,0.0,,,,,,,1.0,1.0,1.0,0.0,1.0,0.0,b
2,73,1,0,1,0,0.0,1.0,0.0,0.0,0.0,1.0,1.0,1.0,,,,,,,a
2,74,2,0,2,0,0.0,1.0,0.0,0.0,0.0,1.0,1.0,1.0,0.0,0.0,0.0,1.0,1.0,1.0,a
2,75,1,0,1,0,0.0,1.0,0.0,0.0,0.0,1.0,1.0,1.0,,,,,,,a
2,77,1,1,0,1,1.0,0.0,1.0,1.0,1.0,0.0,1.0,0.0,,,,,,,a
2,78,1,0,1,0,0.0,1.0,,,,,,,0.0,0.0,0.0,1.0,1.0,1.0,b
2,80,1,1,0,1,1.0,0.0,,,,,,,1.0,1.0,1.0,0.0,1.0,0.0,a
2,81,1,0,1,0,0.0,1.0,,,,,,,0.0,0.0,0.0,1.0,1.0,1.0,a
2,82,3,1,2,1,0.3333333333333333,0.6666666666666666,1.0,1.0,1.0,0.0,1.0,0.0,0.0,0.0,0.0,2.0,2.0,1.0,b
2,83,1,1,0,1,1.0,0.0,1.0,1.0,1.0,0.0,1.0,0.0,,,,,,,b
2,84,2,1,1,1,0.5,0.5,0.0,0.0,0.0,1.0,1.0,1.0,1.0,1.0,1.0,0.0,1.0,0.0,b
2,85,1,1,0,1,1.0,0.0,1.0,1.0,1.0,0.0,1.0,0.0,,,,,,,a
2,86,3,1,2,1,0.3333333333333333,0.6666666666666666,0.0,0.0,0.0,1.0,1.0,1.0,0.5,1.0,1.0,1.0,2.0,0.5,a
2,87,1,1,0,1,1.0,0.0,,,,,,,1.0,1.0,1.0,0.0,1.0,0.0,b
2,89,4,2,2,1,0.5,0.5,0.0,0.0,0.0,1.0,1.0,1.0,0.6666666666666666,1.0,2.0,1.0,3.0,0.3333333333333333,a
2,90,3,2,1,2,0.6666666666666666,0.3333333333333333,1.0,2.0,2.0,0.0,2.0,0.0,0.0,0.0,0.0,1.0,1.0,1.0,b
2,91,3,2,1,1,0.6666666666666666,0.3333333333333333,1.0,1.0,1.0,0.0,1.0,0.0,0.5,1.0,1.0,1.0,2.0,0.5,b
2,95,4,2,2,2,0.5,0.5,0.5,1.0,1.0,1.0,2.0,0.5,0.5,1.0,1.0,1.0,2.0,0.5,a
2,96,1,1,0,1,1.0,0.0,,,,,,,1.0,1.0,1.0,0.0,1.0,0.0,b
2,97,1,1,0,1,1.0,0.0,1.0,1.0,1.0,0.0,1.0,0.0,,,,,,,a
2,98,1,1,0,1,1.0,0.0,,,,,,,1.0,1.0,1.0,0.0,1.0,0.0,b
2,99,2,2,0,2,1.0,0.0,1.0,2.0,2.0,0.0,2.0,0.0,,,,,,,a
2,100,2,2,0,2,1.0,0.0,,,,,,,1.0,2.0,2.0,0.0,2.0,0.0,b
2,101,2,1,1,1,0.5,0.5,0.5,1.0,1.0,1.0,2.0,0.5,,,,,,,b
2,103,1,0,1,0,0.0,1.0,,,,,,,0.0,0.0,0.0,1.0,1.0,1.0,a
2,104,1,1,0,1,1.0,0.0,,,,,,,1.0,1.0,1.0,0.0,1.0,0.0,a
2,105,2,1,1,1,0.5,0.5,,,,,,,0.5,1.0,1.0,1.0,2.0,0.5,b
2,106,3,2,1,1,0.6666666666666666,0.3333333333333333,1.0,2.0,2.0,0.0,2.0,0.0,0.0,0.0,0.0,1.0,1.0,1.0,b
2,107,1,1,0,1,1.0,0.0,1.0,1.0,1.0,0.0,1.0,0.0,,,,,,,a
2,108,4,1,3,1,0.25,0.75,1.0,1.0,1.0,0.0,1.0,0.0,0.0,0.0,0.0,3.0,3.0,1.0,a
2,110,2,2,0,2,1.0,0.0,1.0,1.0,1.0,0.0,1.0,0.0,1.0,1.0,1.0,0.0,1.0,0.0,b
2,111,1,1,0,1,1.0,0.0,1.0,1.0,1.0,0.0,1.0,0.0,,,,,,,a
2,112,1,0,1,0,0.0,1.0,,,,,,,0.0,0.0,0.0,1.0,1.0,1.0,b
2,113,5,2,3,1,0.4,0.6,0.3333333333333333,1.0,1.0,2.0,3.0,0.6666666666666666,0.5,1.0,1.0,1.0,2.0,0.5,a
2,114,1,0,1,0,0.0,1.0,,,,,,,0.0,0.0,0.0,1.0,1.0,1.0,a
2,115,1,0,1,0,0.0,1.0,,,,,,,0.0,0.0,0.0,1.0,1.0,1.0,b
2,116,1,1,0,1,1.0,0.0,1.0,1.0,1.0,0.0,1.0,0.0,,,,,,,a
2,117,4,0,4,0,0.0,1.0,0.0,0.0,0.0,2.0,2.0,1.0,0.0,0.0,0.0,2.0,2.0,1.0,a
2,118,3,2,1,1,0.6666666666666666,0.3333333333333333,0.5,1.0,1.0,1.0,2.0,0.5,1.0,1.0,1.0,0.0,1.0,0.0,b
2,119,1,1,0,1,1.0,0.0,1.0,1.0,1.0,0.0,1.0,0.0,,,,,,,a
2,120,1,1,0,1,1.0,0.0,,,,,,,1.0,1.0,1.0,0.0,1.0,0.0,a
2,122,1,0,1,0,0.0,1.0,0.0,0.0,0.0,1.0,1.0,1.0,,,,,,,b
2,123,3,3,0,3,1.0,0.0,1.0,2.0,2.0,0.0,2.0,0.0,1.0,1.0,1.0,0.0,1.0,0.0,a
2,124,1,0,1,0,0.0,1.0,,,,,,,0.0,0.0,0.0,1.0,1.0,1.0,b
2,126,1,1,0,1,1.0,0.0,,,,,,,1.0,1.0,1.0,0.0,1.0,0.0,b
2,128,5,2,3,2,0.4,0.6,0.6666666666666666,2.0,2.0,1.0,3.0,0.3333333333333333,0.0,0.0,0.0,2.0,2.0,1.0,a
2,130,1,0,1,0,0.0,1.0,,,,,,,0.0,0.0,0.0,1.0,1.0,1.0,a
3,2,1,1,0,1,1.0,0.0,,,,,,,1.0,1.0,1.0,0.0,1.0,0.0,b
3,3,1,1,0,1,1.0,0.0,1.0,1.0,1.0,0.0,1.0,0.0,,,,,,,b
3,4,1,1,0,1,1.0,0.0,1.0,1.0,1.0,0.0,1.0,0.0,,,,,,,a
3,5,1,1,0,1,1.0,0.0,,,,,,,1.0,1.0,1.0,0.0,1.0,0.0,a
3,6,1,1,0,1,1.0,0.0,,,,,,,1.0,1.0,1.0,0.0,1.0,0.0,b
3,8,1,1,0,1,1.0,0.0,1.0,1.0,1.0,0.0,1.0,0.0,,,,,,,a
3,9,1,1,0,1,1.0,0.0,,,,,,,1.0,1.0,1.0,0.0,1.0,0.0,b
3,10,2,2,0,2,1.0,0.0,1.0,2.0,2.0,0.0,2.0,0.0,,,,,,,a
3,11,1,1,0,1,1.0,0.0,,,,,,,1.0,1.0,1.0,0.0,1.0,0.0,b
3,12,1,1,0,1,1.0,0.0,1.0,1.0,1.0,0.0,1.0,0.0,,,,,,,a
3,14,1,1,0,1,1.0,0.0,1.0,1.0,1.0,0.0,1.0,0.0,,,,,,,a
3,15,1,1,0,1,1.0,0.0,,,,,,,1.0,1.0,1.0,0.0,1.0,0.0,b
3,16,2,2,0,2,1.0,0.0,1.0,1.0,1.0,0.0,1.0,0.0,1.0,1.0,1.0,0.0,1.0,0.0,b
3,18,2,2,0,2,1.0,0.0,,,,,,,1.0,2.0,2.0,0.0,2.0,0.0,b
3,19,1,1,0,1,1.0,0.0,1.0,1.0,1.0,0.0,1.0,0.0,,,,,,,a
3,20,1,1,0,1,1.0,0.0,,,,,,,1.0,1.0,1.0,0.0,1.0,0.0,b
3,23,3,3,0,3,1.0,0.0,1.0,3.0,3.0,0.0,3.0,0.0,,,,,,,a
3,24,1,1,0,1,1.0,0.0,,,,,,,1.0,1.0,1.0,0.0,1.0,0.0,b
3,25,1,1,0,1,1.0,0.0,1.0,1.0,1.0,0.0,1.0,0.0,,,,,,,a
3,26,1,1,0,1,1.0,0.0,,,,,,,1.0,1.0,1.0,0.0,1.0,0.0,b
3,27,1,1,0,1,1.0,0.0,1.0,1.0,1.0,0.0,1.0,0.0,,,,,,,a
3,28,2,2,0,2,1.0,0.0,1.0,1.0,1.0,0.0,1.0,0.0,1.0,1.0,1.0,0.0,1.0,0.0,b
3,29,4,3,1,2,0.75,0.25,1.0,2.0,2.0,0.0,2.0,0.0,0.5,1.0,1.0,1.0,2.0,0.5,b
3,30,3,3,0,3,1.0,0.0,1.0,2.0,2.0,0.0,2.0,0.0,1.0,1.0,1.0,0.0,1.0,0.0,b
3,31,3,3,0,3,1.0,0.0,1.0,2.0,2.0,0.0,2.0,0.0,1.0,1.0,1.0,0.0,1.0,0.0,a
3,32,5,2,3,1,0.4,0.6,0.3333333333333333,1.0,1.0,2.0,3.0,0.6666666666666666,0.5,1.0,1.0,1.0,2.0,0.5,b
3,33,2,2,0,2,1.0,0.0,1.0,2.0,2.0,0.0,2.0,0.0,,,,,,,a
3,34,1,1,0,1,1.0,0.0,,,,,,,1.0,1.0,1.0,0.0,1.0,0.0,a
3,35,1,1,0,1,1.0,0.0,,,,,,,1.0,1.0,1.0,0.0,1.0,0.0,a
3,36,2,1,1,1,0.5,0.5,0.0,0.0,0.0,1.0,1.0,1.0,1.0,1.0,1.0,0.0,1.0,0.0,b
3,37,3,3,0,3,1.0,0.0,1.0,2.0,2.0,0.0,2.0,0.0,1.0,1.0,1.0,0.0,1.0,0.0,a
3,39,3,2,1,1,0.6666666666666666,0.3333333333333333,1.0,1.0,1.0,0.0,1.0,0.0,0.5,1.0,1.0,1.0,2.0,0.5,b
3,42,1,1,0,1,1.0,0.0,1.0,1.0,1.0,0.0,1.0,0.0,,,,,,,a
3,43,1,1,0,1,1.0,0.0,,,,,,,1.0,1.0,1.0,0.0,1.0,0.0,b
3,44,2,1,1,1,0.5,0.5,1.0,1.0,1.0,0.0,1.0,0.0,0.0,0.0,0.0,1.0,1.0,1.0,a
3,45,1,1,0,1,1.0,0.0,,,,,,,1.0,1.0,1.0,0.0,1.0,0.0,a
3,46,1,1,0,1,1.0,0.0,,,,,,,1.0,1.0,1.0,0.0,1.0,0.0,b
3,48,1,1,0,1,1.0,0.0,1.0,1.0,1.0,0.0,1.0,0.0,,,,,,,a
3,49,1,1,0,1,1.0,0.0,,,,,,,1.0,1.0,1.0,0.0,1.0,0.0,a
3,50,1,1,0,1,1.0,0.0,,,,,,,1.0,1.0,1.0,0.0,1.0,0.0,b
3,51,1,1,0,1,1.0,0.0,1.0,1.0,1.0,0.0,1.0,0.0,,,,,,,a
3,52,1,1,0,1,1.0,0.0,,,,,,,1.0,1.0,1.0,0.0,1.0,0.0,b
3,53,2,1,1,1,0.5,0.5,1.0,1.0,1.0,0.0,1.0,0.0,0.0,0.0,0.0,1.0,1.0,1.0,b
3,54,1,1,0,1,1.0,0.0,1.0,1.0,1.0,0.0,1.0,0.0,,,,,,,a
3,56,1,1,0,1,1.0,0.0,1.0,1.0,1.0,0.0,1.0,0.0,,,,,,,a
3,57,1,1,0,1,1.0,0.0,,,,,,,1.0,1.0,1.0,0.0,1.0,0.0,b
3,58,1,1,0,1,1.0,0.0,1.0,1.0,1.0,0.0,1.0,0.0,,,,,,,a
3,59,1,1,0,1,1.0,0.0,,,,,,,1.0,1.0,1.0,0.0,1.0,0.0,a
3,60,1,0,1,0,0.0,1.0,,,,,,,0.0,0.0,0.0,1.0,1.0,1.0,a
3,61,1,1,0,1,1.0,0.0,,,,,,,1.0,1.0,1.0,0.0,1.0,0.0,b
3,62,4,1,3,1,0.25,0.75,0.3333333333333333,1.0,1.0,2.0,3.0,0.6666666666666666,0.0,0.0,0.0,1.0,1.0,1.0,b
3,63,1,1,0,1,1.0,0.0,1.0,1.0,1.0,0.0,1.0,0.0,,,,,,,a
3,66,1,0,1,0,0.0,1.0,,,,,,,0.0,0.0,0.0,1.0,1.0,1.0,a
3,67,1,1,0,1,1.0,0.0,,,,,,,1.0,1.0,1.0,0.0,1.0,0.0,a
3,68,2,2,0,2,1.0,0.0,,,,,,,1.0,2.0,2.0,0.0,2.0,0.0,b
3,69,1,1,0,1,1.0,0.0,1.0,1.0,1.0,0.0,1.0,0.0,,,,,,,a
3,70,1,1,0,1,1.0,0.0,,,,,,,1.0,1.0,1.0,0.0,1.0,0.0,b
3,71,1,1,0,1,1.0,0.0,1.0,1.0,1.0,0.0,1.0,0.0,,,,,,,a
3,72,1,1,0,1,1.0,0.0,,,,,,,1.0,1.0,1.0,0.0,1.0,0.0,b
3,75,1,0,1,0,0.0,1.0,0.0,0.0,0.0,1.0,1.0,1.0,,,,,,,a
3,76,2,1,1,1,0.5,0.5,0.0,0.0,0.0,1.0,1.0,1.0,1.0,1.0,1.0,0.0,1.0,0.0,a
3,77,3,1,2,1,0.3333333333333333,0.6666666666666666,0.0,0.0,0.0,2.0,2.0,1.0,1.0,1.0,1.0,0.0,1.0,0.0,a
3,78,2,1,1,1,0.5,0.5,0.0,0.0,0.0,1.0,1.0,1.0,1.0,1.0,1.0,0.0,1.0,0.0,b
3,80,1,0,1,0,0.0,1.0,,,,,,,0.0,0.0,0.0,1.0,1.0,1.0,b
3,81,2,2,0,2,1.0,0.0,1.0,1.0,1.0,0.0,1.0,0.0,1.0,1.0,1.0,0.0,1.0,0.0,b
3,82,1,1,0,1,1.0,0.0,1.0,1.0,1.0,0.0,1.0,0.0,,,,,,,a
3,83,1,1,0,1,1.0,0.0,,,,,,,1.0,1.0,1.0,0.0,1.0,0.0,b
3,84,1,0,1,0,0.0,1.0,0.0,0.0,0.0,1.0,1.0,1.0,,,,,,,a
3,85,1,1,0,1,1.0,0.0,,,,,,,1.0,1.0,1.0,0.0,1.0,0.0,b
3,86,1,1,0,1,1.0,0.0,1.0,1.0,1.0,0.0,1.0,0.0,,,,,,,b
3,87,2,1,1,1,0.5,0.5,1.0,1.0,1.0,0.0,1.0,0.0,0.0,0.0,0.0,1.0,1.0,1.0,b
3,88,2,2,0,2,1.0,0.0,1.0,1.0,1.0,0.0,1.0,0.0,1.0,1.0,1.0,0.0,1.0,0.0,b
3,89,3,0,3,0,0.0,1.0,,,,,,,0.0,0.0,0.0,3.0,3.0,1.0,a
3,90,1,1,0,1,1.0,0.0,,,,,,,1.0,1.0,1.0,0.0,1.0,0.0,a
3,91,2,2,0,2,1.0,0.0,1.0,1.0,1.0,0.0,1.0,0.0,1.0,1.0,1.0,0.0,1.0,0.0,a
3,92,1,1,0,1,1.0,0.0,,,,,,,1.0,1.0,1.0,0.0,1.0,0.0,a
3,93,1,1,0,1,1.0,0.0,,,,,,,1.0,1.0,1.0,0.0,1.0,0.0,b
3,95,1,0,1,0,0.0,1.0,,,,,,,0.0,0.0,0.0,1.0,1.0,1.0,b
3,96,1,1,0,1,1.0,0.0,1.0,1.0,1.0,0.0,1.0,0.0,,,,,,,a
3,97,2,1,1,1,0.5,0.5,0.0,0.0,0.0,1.0,1.0,1.0,1.0,1.0,1.0,0.0,1.0,0.0,b
3,98,6,3,3,1,0.5,0.5,1.0,3.0,3.0,0.0,3.0,0.0,0.0,0.0,0.0,3.0,3.0,1.0,b
3,99,1,0,1,0,0.0,1.0,,,,,,,0.0,0.0,0.0,1.0,1.0,1.0,b
3,100,2,2,0,2,1.0,0.0,1.0,1.0,1.0,0.0,1.0,0.0,1.0,1.0,1.0,0.0,1.0,0.0,a
3,101,2,1,1,1,0.5,0.5,0.0,0.0,0.0,1.0,1.0,1.0,1.0,1.0,1.0,0.0,1.0,0.0,b
3,102,1,1,0,1,1.0,0.0,1.0,1.0,1.0,0.0,1.0,0.0,,,,,,,a
3,103,2,0,2,0,0.0,1.0,0.0,0.0,0.0,1.0,1.0,1.0,0.0,0.0,0.0,1.0,1.0,1.0,a
3,104,2,1,1,1,0.5,0.5,,,,,,,0.5,1.0,1.0,1.0,2.0,0.5,b
3,105,1,1,0,1,1.0,0.0,1.0,1.0,1.0,0.0,1.0,0.0,,,,,,,a
3,106,1,0,1,0,0.0,1.0,,,,,,,0.0,0.0,0.0,1.0,1.0,1.0,a
3,107,3,1,2,1,0.3333333333333333,0.6666666666666666,0.0,0.0,0.0,1.0,1.0,1.0,0.5,1.0,1.0,1.0,2.0,0.5,b
3,108,3,1,2,1,0.3333333333333333,0.6666666666666666,0.5,1.0,1.0,1.0,2.0,0.5,0.0,0.0,0.0,1.0,1.0,1.0,a
3,110,1,0,1,0,0.0,1.0,,,,,,,0.0,0.0,0.0,1.0,1.0,1.0,a
3,112,1,1,0,1,1.0,0.0,1.0,1.0,1.0,0.0,1.0,0.0,,,,,,,a
3,113,4,1,3,1,0.25,0.75,0.0,0.0,0.0,2.0,2.0,1.0,0.5,1.0,1.0,1.0,2.0,0.5,b
3,114,1,1,0,1,1.0,0.0,1.0,1.0,1.0,0.0,1.0,0.0,,,,,,,a
3,116,1,1,0,1,1.0,0.0,1.0,1.0,1.0,0.0,1.0,0.0,,,,,,,a
3,117,1,1,0,1,1.0,0.0,,,,,,,1.0,1.0,1.0,0.0,1.0,0.0,b
3,118,1,1,0,1,1.0,0.0,1.0,1.0,1.0,0.0,1.0,0.0,,,,,,,a
3,119,1,1,0,1,1.0,0.0,,,,,,,1.0,1.0,1.0,0.0,1.0,0.0,a
3,121,1,1,0,1,1.0,0.0,1.0,1.0,1.0,0.0,1.0,0.0,,,,,,,a
3,122,1,1,0,1,1.0,0.0,,,,,,,1.0,1.0,1.0,0.0,1.0,0.0,b
3,123,2,0,2,0,0.0,1.0,0.0,0.0,0.0,2.0,2.0,1.0,,,,,,,a
3,124,1,1,0,1,1.0,0.0,,,,,,,1.0,1.0,1.0,0.0,1.0,0.0,b
3,125,1,1,0,1,1.0,0.0,1.0,1.0,1.0,0.0,1.0,0.0,,,,,,,a
3,128,1,0,1,0,0.0,1.0,,,,,,,0.0,0.0,0.0,1.0,1.0,1.0,b
3,130,2,1,1,1,0.5,0.5,0.0,0.0,0.0,1.0,1.0,1.0,1.0,1.0,1.0,0.0,1.0,0.0,a
3,131,1,1,0,1,1.0,0.0,,,,,,,1.0,1.0,1.0,0.0,1.0,0.0,a
3,133,1,0,1,0,0.0,1.0,,,,,,,0.0,0.0,0.0,1.0,1.0,1.0,a
3,134,3,2,1,1,0.6666666666666666,0.3333333333333333,0.0,0.0,0.0,1.0,1.0,1.0,1.0,2.0,2.0,0.0,2.0,0.0,a
3,135,1,1,0,1,1.0,0.0,1.0,1.0,1.0,0.0,1.0,0.0,,,,,,,a
3,136,3,1,2,1,0.3333333333333333,0.6666666666666666,0.5,1.0,1.0,1.0,2.0,0.5,0.0,0.0,0.0,1.0,1.0,1.0,a
3,137,5,1,4,1,0.2,0.8,0.0,0.0,0.0,4.0,4.0,1.0,1.0,1.0,1.0,0.0,1.0,0.0,a
3,138,3,2,1,1,0.6666666666666666,0.3333333333333333,0.0,0.0,0.0,1.0,1.0,1.0,1.0,2.0,2.0,0.0,2.0,0.0,b
3,139,1,0,1,0,0.0,1.0,0.0,0.0,0.0,1.0,1.0,1.0,,,,,,,b
3,141,1,0,1,0,0.0,1.0,,,,,,,0.0,0.0,0.0,1.0,1.0,1.0,b
3,142,1,1,0,1,1.0,0.0,1.0,1.0,1.0,0.0,1.0,0.0,,,,,,,a
3,143,1,1,0,1,1.0,0.0,,,,,,,1.0,1.0,1.0,0.0,1.0,0.0,b
3,144,1,1,0,1,1.0,0.0,1.0,1.0,1.0,0.0,1.0,0.0,,,,,,,a
3,145,2,1,1,1,0.5,0.5,,,,,,,0.5,1.0,1.0,1.0,2.0,0.5,a
3,146,2,1,1,1,0.5,0.5,1.0,1.0,1.0,0.0,1.0,0.0,0.0,0.0,0.0,1.0,1.0,1.0,a
3,147,1,1,0,1,1.0,0.0,,,,,,,1.0,1.0,1.0,0.0,1.0,0.0,b
3,148,1,1,0,1,1.0,0.0,1.0,1.0,1.0,0.0,1.0,0.0,,,,,,,a
3,149,1,0,1,0,0.0,1.0,,,,,,,0.0,0.0,0.0,1.0,1.0,1.0,b
3,151,1,1,0,1,1.0,0.0,1.0,1.0,1.0,0.0,1.0,0.0,,,,,,,a
3,153,2,1,1,1,0.5,0.5,0.5,1.0,1.0,1.0,2.0,0.5,,,,,,,a
3,155,1,1,0,1,1.0,0.0,1.0,1.0,1.0,0.0,1.0,0.0,,,,,,,a
3,157,5,1,4,1,0.2,0.8,0.3333333333333333,1.0,1.0,2.0,3.0,0.6666666666666666,0.0,0.0,0.0,2.0,2.0,1.0,a
3,158,1,0,1,0,0.0,1.0,,,,,,,0.0,0.0,0.0,1.0,1.0,1.0,a
3,159,1,0,1,0,0.0,1.0,,,,,,,0.0,0.0,0.0,1.0,1.0,1.0,a
3,160,1,0,1,0,0.0,1.0,,,,,,,0.0,0.0,0.0,1.0,1.0,1.0,a
3,161,3,1,2,1,0.3333333333333333,0.6666666666666666,0.0,0.0,0.0,1.0,1.0,1.0,0.5,1.0,1.0,1.0,2.0,0.5,a
3,162,1,1,0,1,1.0,0.0,,,,,,,1.0,1.0,1.0,0.0,1.0,0.0,b
3,163,1,1,0,1,1.0,0.0,1.0,1.0,1.0,0.0,1.0,0.0,,,,,,,a
3,164,1,1,0,1,1.0,0.0,,,,,,,1.0,1.0,1.0,0.0,1.0,0.0,a
3,165,2,0,2,0,0.0,1.0,0.0,0.0,0.0,1.0,1.0,1.0,0.0,0.0,0.0,1.0,1.0,1.0,b
3,166,1,1,0,1,1.0,0.0,1.0,1.0,1.0,0.0,1.0,0.0,,,,,,,b
3,167,1,0,1,0,0.0,1.0,0.0,0.0,0.0,1.0,1.0,1.0,,,,,,,a
3,169,1,0,1,0,0.0,1.0,,,,,,,0.0,0.0,0.0,1.0,1.0,1.0,b
3,170,1,1,0,1,1.0,0.0,1.0,1.0,1.0,0.0,1.0,0.0,,,,,,,a
4,2,2,2,0,2,1.0,0.0,1.0,1.0,1.0,0.0,1.0,0.0,1.0,1.0,1.0,0.0,1.0,0.0,b
4,3,2,1,1,1,0.5,0.5,1.0,1.0,1.0,0.0,1.0,0.0,0.0,0.0,0.0,1.0,1.0,1.0,b
4,4,1,1,0,1,1.0,0.0,1.0,1.0,1.0,0.0,1.0,0.0,,,,,,,b
4,5,5,3,2,2,0.6,0.4,0.5,1.0,1.0,1.0,2.0,0.5,0.6666666666666666,2.0,2.0,1.0,3.0,0.3333333333333333,a
4,6,2,1,1,1,0.5,0.5,0.0,0.0,0.0,1.0,1.0,1.0,1.0,1.0,1.0,0.0,1.0,0.0,b
4,7,2,1,1,1,0.5,0.5,0.0,0.0,0.0,1.0,1.0,1.0,1.0,1.0,1.0,0.0,1.0,0.0,b
4,9,1,1,0,1,1.0,0.0,,,,,,,1.0,1.0,1.0,0.0,1.0,0.0,b
4,10,2,0,2,0,0.0,1.0,0.0,0.0,0.0,2.0,2.0,1.0,,,,,,,a
4,11,3,2,1,1,0.6666666666666666,0.3333333333333333,0.0,0.0,0.0,1.0,1.0,1.0,1.0,2.0,2.0,0.0,2.0,0.0,b
4,12,2,1,1,1,0.5,0.5,0.0,0.0,0.0,1.0,1.0,1.0,1.0,1.0,1.0,0.0,1.0,0.0,b
4,16,1,1,0,1,1.0,0.0,1.0,1.0,1.0,0.0,1.0,0.0,,,,,,,a
4,17,3,2,1,1,0.6666666666666666,0.3333333333333333,0.5,1.0,1.0,1.0,2.0,0.5,1.0,1.0,1.0,0.0,1.0,0.0,a
4,18,1,1,0,1,1.0,0.0,,,,,,,1.0,1.0,1.0,0.0,1.0,0.0,a
4,19,3,2,1,2,0.6666666666666666,0.3333333333333333,1.0,1.0,1.0,0.0,1.0,0.0,0.5,1.0,1.0,1.0,2.0,0.5,b
4,20,1,1,0,1,1.0,0.0,1.0,1.0,1.0,0.0,1.0,0.0,,,,,,,a
4,22,4,2,2,1,0.5,0.5,0.0,0.0,0.0,2.0,2.0,1.0,1.0,2.0,2.0,0.0,2.0,0.0,a
4,23,1,1,0,1,1.0,0.0,,,,,,,1.0,1.0,1.0,0.0,1.0,0.0,b
4,24,1,1,0,1,1.0,0.0,1.0,1.0,1.0,0.0,1.0,0.0,,,,,,,a
4,25,1,1,0,1,1.0,0.0,,,,,,,1.0,1.0,1.0,0.0,1.0,0.0,b
4,26,3,2,1,1,0.6666666666666666,0.3333333333333333,1.0,1.0,1.0,0.0,1.0,0.0,0.5,1.0,1.0,1.0,2.0,0.5,b
4,27,4,1,3,1,0.25,0.75,0.0,0.0,0.0,2.0,2.0,1.0,0.5,1.0,1.0,1.0,2.0,0.5,a
4,29,1,1,0,1,1.0,0.0,1.0,1.0,1.0,0.0,1.0,0.0,,,,,,,b
4,31,1,1,0,1,1.0,0.0,,,,,,,1.0,1.0,1.0,0.0,1.0,0.0,a
4,33,2,0,2,0,0.0,1.0,,,,,,,0.0,0.0,0.0,2.0,2.0,1.0,a
4,35,1,1,0,1,1.0,0.0,1.0,1.0,1.0,0.0,1.0,0.0,,,,,,,a
4,36,1,1,0,1,1.0,0.0,,,,,,,1.0,1.0,1.0,0.0,1.0,0.0,b
4,37,3,2,1,1,0.6666666666666666,0.3333333333333333,1.0,2.0,2.0,0.0,2.0,0.0,0.0,0.0,0.0,1.0,1.0,1.0,a
4,39,1,1,0,1,1.0,0.0,1.0,1.0,1.0,0.0,1.0,0.0,,,,,,,a
4,41,1,1,0,1,1.0,0.0,1.0,1.0,1.0,0.0,1.0,0.0,,,,,,,a
4,42,1,1,0,1,1.0,0.0,,,,,,,1.0,1.0,1.0,0.0,1.0,0.0,b
4,43,3,0,3,0,0.0,1.0,0.0,0.0,0.0,2.0,2.0,1.0,0.0,0.0,0.0,1.0,1.0,1.0,b
4,44,3,1,2,1,0.3333333333333333,0.6666666666666666,0.0,0.0,0.0,1.0,1.0,1.0,0.5,1.0,1.0,1.0,2.0,0.5,b
4,45,1,0,1,0,0.0,1.0,0.0,0.0,0.0,1.0,1.0,1.0,,,,,,,b
4,46,2,1,1,1,0.5,0.5,1.0,1.0,1.0,0.0,1.0,0.0,0.0,0.0,0.0,1.0,1.0,1.0,b
4,47,2,2,0,2,1.0,0.0,1.0,1.0,1.0,0.0,1.0,0.0,1.0,1.0,1.0,0.0,1.0,0.0,a
4,49,1,1,0,1,1.0,0.0,1.0,1.0,1.0,0.0,1.0,0.0,,,,,,,a
4,50,2,1,1,1,0.5,0.5,0.0,0.0,0.0,1.0,1.0,1.0,1.0,1.0,1.0,0.0,1.0,0.0,b
4,51,2,1,1,1,0.5,0.5,1.0,1.0,1.0,0.0,1.0,0.0,0.0,0.0,0.0,1.0,1.0,1.0,a
4,52,1,1,0,1,1.0,0.0,,,,,,,1.0,1.0,1.0,0.0,1.0,0.0,b
4,53,3,2,1,1,0.6666666666666666,0.3333333333333333,1.0,2.0,2.0,0.0,2.0,0.0,0.0,0.0,0.0,1.0,1.0,1.0,a
4,54,2,2,0,2,1.0,0.0,1.0,1.0,1.0,0.0,1.0,0.0,1.0,1.0,1.0,0.0,1.0,0.0,a
4,55,1,1,0,1,1.0,0.0,,,,,,,1.0,1.0,1.0,0.0,1.0,0.0,b
4,56,3,1,2,1,0.3333333333333333,0.6666666666666666,0.5,1.0,1.0,1.0,2.0,0.5,0.0,0.0,0.0,1.0,1.0,1.0,b
4,57,1,1,0,1,1.0,0.0,1.0,1.0,1.0,0.0,1.0,0.0,,,,,,,a
4,58,1,1,0,1,1.0,0.0,,,,,,,1.0,1.0,1.0,0.0,1.0,0.0,a
4,59,1,0,1,0,0.0,1.0,,,,,,,0.0,0.0,0.0,1.0,1.0,1.0,b
4,60,1,0,1,0,0.0,1.0,0.0,0.0,0.0,1.0,1.0,1.0,,,,,,,a
4,62,2,1,1,1,0.5,0.5,1.0,1.0,1.0,0.0,1.0,0.0,0.0,0.0,0.0,1.0,1.0,1.0,b
4,65,1,0,1,0,0.0,1.0,0.0,0.0,0.0,1.0,1.0,1.0,,,,,,,b
4,66,3,1,2,1,0.3333333333333333,0.6666666666666666,0.5,1.0,1.0,1.0,2.0,0.5,0.0,0.0,0.0,1.0,1.0,1.0,a
4,67,1,1,0,1,1.0,0.0,,,,,,,1.0,1.0,1.0,0.0,1.0,0.0,b
4,68,1,1,0,1,1.0,0.0,1.0,1.0,1.0,0.0,1.0,0.0,,,,,,,a
4,71,1,0,1,0,0.0,1.0,,,,,,,0.0,0.0,0.0,1.0,1.0,1.0,b
4,72,2,2,0,2,1.0,0.0,1.0,1.0,1.0,0.0,1.0,0.0,1.0,1.0,1.0,0.0,1.0,0.0,b
4,74,1,1,0,1,1.0,0.0,,,,,,,1.0,1.0,1.0,0.0,1.0,0.0,b
4,75,1,0,1,0,0.0,1.0,0.0,0.0,0.0,1.0,1.0,1.0,,,,,,,b
4,76,1,1,0,1,1.0,0.0,1.0,1.0,1.0,0.0,1.0,0.0,,,,,,,b
4,77,1,1,0,1,1.0,0.0,1.0,1.0,1.0,0.0,1.0,0.0,,,,,,,a
4,78,2,0,2,0,0.0,1.0,0.0,0.0,0.0,1.0,1.0,1.0,0.0,0.0,0.0,1.0,1.0,1.0,b
4,79,1,1,0,1,1.0,0.0,1.0,1.0,1.0,0.0,1.0,0.0,,,,,,,b
4,81,2,2,0,2,1.0,0.0,1.0,1.0,1.0,0.0,1.0,0.0,1.0,1.0,1.0,0.0,1.0,0.0,a
4,82,1,1,0,1,1.0,0.0,,,,,,,1.0,1.0,1.0,0.0,1.0,0.0,b
4,83,2,1,1,1,0.5,0.5,1.0,1.0,1.0,0.0,1.0,0.0,0.0,0.0,0.0,1.0,1.0,1.0,a
4,84,2,0,2,0,0.0,1.0,,,,,,,0.0,0.0,0.0,2.0,2.0,1.0,b
4,86,1,0,1,0,0.0,1.0,,,,,,,0.0,0.0,0.0,1.0,1.0,1.0,b
4,87,2,1,1,1,0.5,0.5,1.0,1.0,1.0,0.0,1.0,0.0,0.0,0.0,0.0,1.0,1.0,1.0,a
4,90,1,1,0,1,1.0,0.0,,,,,,,1.0,1.0,1.0,0.0,1.0,0.0,b
4,91,2,1,1,1,0.5,0.5,0.0,0.0,0.0,1.0,1.0,1.0,1.0,1.0,1.0,0.0,1.0,0.0,a
4,92,1,1,0,1,1.0,0.0,,,,,,,1.0,1.0,1.0,0.0,1.0,0.0,b
4,93,1,1,0,1,1.0,0.0,1.0,1.0,1.0,0.0,1.0,0.0,,,,,,,a
4,94,1,1,0,1,1.0,0.0,,,,,,,1.0,1.0,1.0,0.0,1.0,0.0,b
4,97,1,1,0,1,1.0,0.0,,,,,,,1.0,1.0,1.0,0.0,1.0,0.0,b
4,99,2,2,0,2,1.0,0.0,1.0,1.0,1.0,0.0,1.0,0.0,1.0,1.0,1.0,0.0,1.0,0.0,a
4,100,1,1,0,1,1.0,0.0,,,,,,,1.0,1.0,1.0,0.0,1.0,0.0,b
4,101,3,2,1,1,0.6666666666666666,0.3333333333333333,1.0,2.0,2.0,0.0,2.0,0.0,0.0,0.0,0.0,1.0,1.0,1.0,a
4,103,1,1,0,1,1.0,0.0,,,,,,,1.0,1.0,1.0,0.0,1.0,0.0,b
4,104,1,1,0,1,1.0,0.0,1.0,1.0,1.0,0.0,1.0,0.0,,,,,,,a
4,105,1,1,0,1,1.0,0.0,,,,,,,1.0,1.0,1.0,0.0,1.0,0.0,b
4,106,1,1,0,1,1.0,0.0,1.0,1.0,1.0,0.0,1.0,0.0,,,,,,,b
4,107,1,1,0,1,1.0,0.0,1.0,1.0,1.0,0.0,1.0,0.0,,,,,,,a
4,108,2,1,1,1,0.5,0.5,0.0,0.0,0.0,1.0,1.0,1.0,1.0,1.0,1.0,0.0,1.0,0.0,b
4,109,1,1,0,1,1.0,0.0,1.0,1.0,1.0,0.0,1.0,0.0,,,,,,,a
4,110,2,1,1,1,0.5,0.5,,,,,,,0.5,1.0,1.0,1.0,2.0,0.5,b
4,111,1,1,0,1,1.0,0.0,1.0,1.0,1.0,0.0,1.0,0.0,,,,,,,a
4,112,1,1,0,1,1.0,0.0,,,,,,,1.0,1.0,1.0,0.0,1.0,0.0,b
4,113,1,1,0,1,1.0,0.0,1.0,1.0,1.0,0.0,1.0,0.0,,,,,,,b
4,114,3,2,1,1,0.6666666666666666,0.3333333333333333,1.0,2.0,2.0,0.0,2.0,0.0,0.0,0.0,0.0,1.0,1.0,1.0,a
4,115,1,1,0,1,1.0,0.0,,,,,,,1.0,1.0,1.0,0.0,1.0,0.0,b
4,117,1,1,0,1,1.0,0.0,,,,,,,1.0,1.0,1.0,0.0,1.0,0.0,b
4,118,1,1,0,1,1.0,0.0,1.0,1.0,1.0,0.0,1.0,0.0,,,,,,,a
4,119,3,2,1,1,0.6666666666666666,0.3333333333333333,0.0,0.0,0.0,1.0,1.0,1.0,1.0,2.0,2.0,0.0,2.0,0.0,a
4,120,3,2,1,1,0.6666666666666666,0.3333333333333333,0.0,0.0,0.0,1.0,1.0,1.0,1.0,2.0,2.0,0.0,2.0,0.0,b
4,121,1,1,0,1,1.0,0.0,1.0,1.0,1.0,0.0,1.0,0.0,,,,,,,a
4,123,1,1,0,1,1.0,0.0,1.0,1.0,1.0,0.0,1.0,0.0,,,,,,,a
4,124,1,1,0,1,1.0,0.0,,,,,,,1.0,1.0,1.0,0.0,1.0,0.0,b
4,126,1,1,0,1,1.0,0.0,1.0,1.0,1.0,0.0,1.0,0.0,,,,,,,a
4,127,1,0,1,0,0.0,1.0,,,,,,,0.0,0.0,0.0,1.0,1.0,1.0,b
4,128,1,0,1,0,0.0,1.0,0.0,0.0,0.0,1.0,1.0,1.0,,,,,,,b
4,129,1,0,1,0,0.0,1.0,0.0,0.0,0.0,1.0,1.0,1.0,,,,,,,b
4,130,1,1,0,1,1.0,0.0,1.0,1.0,1.0,0.0,1.0,0.0,,,,,,,b
4,131,2,1,1,1,0.5,0.5,0.0,0.0,0.0,1.0,1.0,1.0,1.0,1.0,1.0,0.0,1.0,0.0,b
4,132,4,1,3,1,0.25,0.75,0.5,1.0,1.0,1.0,2.0,0.5,0.0,0.0,0.0,2.0,2.0,1.0,a
4,133,2,1,1,1,0.5,0.5,0.0,0.0,0.0,1.0,1.0,1.0,1.0,1.0,1.0,0.0,1.0,0.0,a
4,134,1,0,1,0,0.0,1.0,,,,,,,0.0,0.0,0.0,1.0,1.0,1.0,b
4,135,1,0,1,0,0.0,1.0,0.0,0.0,0.0,1.0,1.0,1.0,,,,,,,a
4,136,1,1,0,1,1.0,0.0,,,,,,,1.0,1.0,1.0,0.0,1.0,0.0,b
5,1,1,0,1,0,0.0,1.0,,,,,,,0.0,0.0,0.0,1.0,1.0,1.0,a
5,2,2,2,0,2,1.0,0.0,1.0,1.0,1.0,0.0,1.0,0.0,1.0,1.0,1.0,0.0,1.0,0.0,a
5,3,1,1,0,1,1.0,0.0,,,,,,,1.0,1.0,1.0,0.0,1.0,0.0,b
5,5,2,0,2,0,0.0,1.0,0.0,0.0,0.0,1.0,1.0,1.0,0.0,0.0,0.0,1.0,1.0,1.0,a
5,6,1,0,1,0,0.0,1.0,,,,,,,0.0,0.0,0.0,1.0,1.0,1.0,a
5,7,3,1,2,1,0.3333333333333333,0.6666666666666666,0.0,0.0,0.0,1.0,1.0,1.0,0.5,1.0,1.0,1.0,2.0,0.5,b
5,8,2,1,1,1,0.5,0.5,1.0,1.0,1.0,0.0,1.0,0.0,0.0,0.0,0.0,1.0,1.0,1.0,b
5,9,2,0,2,0,0.0,1.0,0.0,0.0,0.0,1.0,1.0,1.0,0.0,0.0,0.0,1.0,1.0,1.0,a
5,10,1,1,0,1,1.0,0.0,,,,,,,1.0,1.0,1.0,0.0,1.0,0.0,a
5,11,1,0,1,0,0.0,1.0,,,,,,,0.0,0.0,0.0,1.0,1.0,1.0,b
5,12,1,1,0,1,1.0,0.0,1.0,1.0,1.0,0.0,1.0,0.0,,,,,,,b
5,13,1,1,0,1,1.0,0.0,1.0,1.0,1.0,0.0,1.0,0.0,,,,,,,a
5,14,3,1,2,1,0.3333333333333333,0.6666666666666666,0.0,0.0,0.0,1.0,1.0,1.0,0.5,1.0,1.0,1.0,2.0,0.5,b
5,15,1,1,0,1,1.0,0.0,1.0,1.0,1.0,0.0,1.0,0.0,,,,,,,a
5,16,1,1,0,1,1.0,0.0,,,,,,,1.0,1.0,1.0,0.0,1.0,0.0,b
5,17,1,1,0,1,1.0,0.0,1.0,1.0,1.0,0.0,1.0,0.0,,,,,,,a
5,18,1,1,0,1,1.0,0.0,,,,,,,1.0,1.0,1.0,0.0,1.0,0.0,b
5,19,2,0,2,0,0.0,1.0,0.0,0.0,0.0,1.0,1.0,1.0,0.0,0.0,0.0,1.0,1.0,1.0,b
5,21,1,1,0,1,1.0,0.0,,,,,,,1.0,1.0,1.0,0.0,1.0,0.0,b
5,22,1,1,0,1,1.0,0.0,1.0,1.0,1.0,0.0,1.0,0.0,,,,,,,a
5,23,1,0,1,0,0.0,1.0,,,,,,,0.0,0.0,0.0,1.0,1.0,1.0,b
5,25,1,1,0,1,1.0,0.0,1.0,1.0,1.0,0.0,1.0,0.0,,,,,,,a
5,26,1,0,1,0,0.0,1.0,,,,,,,0.0,0.0,0.0,1.0,1.0,1.0,b
5,28,1,1,0,1,1.0,0.0,,,,,,,1.0,1.0,1.0,0.0,1.0,0.0,b
5,29,1,1,0,1,1.0,0.0,1.0,1.0,1.0,0.0,1.0,0.0,,,,,,,b
5,30,1,1,0,1,1.0,0.0,1.0,1.0,1.0,0.0,1.0,0.0,,,,,,,a
5,32,1,1,0,1,1.0,0.0,,,,,,,1.0,1.0,1.0,0.0,1.0,0.0,b
5,33,1,1,0,1,1.0,0.0,1.0,1.0,1.0,0.0,1.0,0.0,,,,,,,a
5,34,1,1,0,1,1.0,0.0,,,,,,,1.0,1.0,1.0,0.0,1.0,0.0,b
5,35,1,1,0,1,1.0,0.0,1.0,1.0,1.0,0.0,1.0,0.0,,,,,,,a
5,36,1,1,0,1,1.0,0.0,,,,,,,1.0,1.0,1.0,0.0,1.0,0.0,a
5,39,3,2,1,2,0.6666666666666666,0.3333333333333333,1.0,1.0,1.0,0.0,1.0,0.0,0.5,1.0,1.0,1.0,2.0,0.5,b
5,41,2,1,1,1,0.5,0.5,0.0,0.0,0.0,1.0,1.0,1.0,1.0,1.0,1.0,0.0,1.0,0.0,b
5,43,1,1,0,1,1.0,0.0,,,,,,,1.0,1.0,1.0,0.0,1.0,0.0,b
5,46,1,1,0,1,1.0,0.0,1.0,1.0,1.0,0.0,1.0,0.0,,,,,,,b
5,48,2,0,2,0,0.0,1.0,0.0,0.0,0.0,1.0,1.0,1.0,0.0,0.0,0.0,1.0,1.0,1.0,b
5,52,2,1,1,1,0.5,0.5,,,,,,,0.5,1.0,1.0,1.0,2.0,0.5,b
5,53,1,1,0,1,1.0,0.0,1.0,1.0,1.0,0.0,1.0,0.0,,,,,,,a
5,54,1,1,0,1,1.0,0.0,,,,,,,1.0,1.0,1.0,0.0,1.0,0.0,a
5,56,1,1,0,1,1.0,0.0,1.0,1.0,1.0,0.0,1.0,0.0,,,,,,,a
5,57,1,1,0,1,1.0,0.0,,,,,,,1.0,1.0,1.0,0.0,1.0,0.0,b
5,59,2,2,0,2,1.0,0.0,1.0,1.0,1.0,0.0,1.0,0.0,1.0,1.0,1.0,0.0,1.0,0.0,a
5,60,1,0,1,0,0.0,1.0,,,,,,,0.0,0.0,0.0,1.0,1.0,1.0,b
5,61,1,1,0,1,1.0,0.0,1.0,1.0,1.0,0.0,1.0,0.0,,,,,,,a
5,62,2,0,2,0,0.0,1.0,0.0,0.0,0.0,1.0,1.0,1.0,0.0,0.0,0.0,1.0,1.0,1.0,a
5,63,1,0,1,0,0.0,1.0,,,,,,,0.0,0.0,0.0,1.0,1.0,1.0,b
5,65,2,1,1,1,0.5,0.5,0.0,0.0,0.0,1.0,1.0,1.0,1.0,1.0,1.0,0.0,1.0,0.0,a
5,66,1,1,0,1,1.0,0.0,,,,,,,1.0,1.0,1.0,0.0,1.0,0.0,b
5,67,2,1,1,1,0.5,0.5,0.0,0.0,0.0,1.0,1.0,1.0,1.0,1.0,1.0,0.0,1.0,0.0,b
5,68,2,0,2,0,0.0,1.0,0.0,0.0,0.0,1.0,1.0,1.0,0.0,0.0,0.0,1.0,1.0,1.0,a
5,70,1,0,1,0,0.0,1.0,,,,,,,0.0,0.0,0.0,1.0,1.0,1.0,b
5,71,1,1,0,1,1.0,0.0,1.0,1.0,1.0,0.0,1.0,0.0,,,,,,,b
5,72,1,1,0,1,1.0,0.0,1.0,1.0,1.0,0.0,1.0,0.0,,,,,,,a
5,73,3,2,1,2,0.6666666666666666,0.3333333333333333,1.0,1.0,1.0,0.0,1.0,0.0,0.5,1.0,1.0,1.0,2.0,0.5,b
5,74,1,1,0,1,1.0,0.0,1.0,1.0,1.0,0.0,1.0,0.0,,,,,,,b
5,75,1,1,0,1,1.0,0.0,1.0,1.0,1.0,0.0,1.0,0.0,,,,,,,a
5,77,2,2,0,2,1.0,0.0,1.0,2.0,2.0,0.0,2.0,0.0,,,,,,,a
5,78,3,1,2,1,0.3333333333333333,0.6666666666666666,0.0,0.0,0.0,1.0,1.0,1.0,0.5,1.0,1.0,1.0,2.0,0.5,a
5,79,1,1,0,1,1.0,0.0,,,,,,,1.0,1.0,1.0,0.0,1.0,0.0,a
5,80,2,0,2,0,0.0,1.0,0.0,0.0,0.0,1.0,1.0,1.0,0.0,0.0,0.0,1.0,1.0,1.0,a
5,81,1,1,0,1,1.0,0.0,,,,,,,1.0,1.0,1.0,0.0,1.0,0.0,b
5,82,1,1,0,1,1.0,0.0,1.0,1.0,1.0,0.0,1.0,0.0,,,,,,,a
5,86,3,1,2,1,0.3333333333333333,0.6666666666666666,0.5,1.0,1.0,1.0,2.0,0.5,0.0,0.0,0.0,1.0,1.0,1.0,a
5,89,1,1,0,1,1.0,0.0,,,,,,,1.0,1.0,1.0,0.0,1.0,0.0,b
5,91,1,1,0,1,1.0,0.0,1.0,1.0,1.0,0.0,1.0,0.0,,,,,,,a
5,92,1,1,0,1,1.0,0.0,,,,,,,1.0,1.0,1.0,0.0,1.0,0.0,a
5,93,1,0,1,0,0.0,1.0,,,,,,,0.0,0.0,0.0,1.0,1.0,1.0,b
5,95,1,0,1,0,0.0,1.0,0.0,0.0,0.0,1.0,1.0,1.0,,,,,,,a
5,96,2,2,0,2,1.0,0.0,1.0,1.0,1.0,0.0,1.0,0.0,1.0,1.0,1.0,0.0,1.0,0.0,a
5,97,1,1,0,1,1.0,0.0,,,,,,,1.0,1.0,1.0,0.0,1.0,0.0,b
5,98,1,1,0,1,1.0,0.0,1.0,1.0,1.0,0.0,1.0,0.0,,,,,,,a
5,101,1,1,0,1,1.0,0.0,,,,,,,1.0,1.0,1.0,0.0,1.0,0.0,b
5,102,1,1,0,1,1.0,0.0,1.0,1.0,1.0,0.0,1.0,0.0,,,,,,,b
5,104,1,0,1,0,0.0,1.0,,,,,,,0.0,0.0,0.0,1.0,1.0,1.0,b
5,105,1,1,0,1,1.0,0.0,1.0,1.0,1.0,0.0,1.0,0.0,,,,,,,a
5,106,1,1,0,1,1.0,0.0,,,,,,,1.0,1.0,1.0,0.0,1.0,0.0,a
5,110,1,1,0,1,1.0,0.0,,,,,,,1.0,1.0,1.0,0.0,1.0,0.0,b
5,111,2,1,1,1,0.5,0.5,0.0,0.0,0.0,1.0,1.0,1.0,1.0,1.0,1.0,0.0,1.0,0.0,b
5,112,1,1,0,1,1.0,0.0,,,,,,,1.0,1.0,1.0,0.0,1.0,0.0,b
5,113,2,0,2,0,0.0,1.0,0.0,0.0,0.0,1.0,1.0,1.0,0.0,0.0,0.0,1.0,1.0,1.0,a
5,114,1,0,1,0,0.0,1.0,,,,,,,0.0,0.0,0.0,1.0,1.0,1.0,b
5,115,1,1,0,1,1.0,0.0,1.0,1.0,1.0,0.0,1.0,0.0,,,,,,,a
5,116,1,1,0,1,1.0,0.0,,,,,,,1.0,1.0,1.0,0.0,1.0,0.0,b
5,117,1,1,0,1,1.0,0.0,1.0,1.0,1.0,0.0,1.0,0.0,,,,,,,a
5,119,1,0,1,0,0.0,1.0,0.0,0.0,0.0,1.0,1.0,1.0,,,,,,,a
5,122,1,1,0,1,1.0,0.0,,,,,,,1.0,1.0,1.0,0.0,1.0,0.0,a
5,124,1,1,0,1,1.0,0.0,1.0,1.0,1.0,0.0,1.0,0.0,,,,,,,b
5,125,1,1,0,1,1.0,0.0,1.0,1.0,1.0,0.0,1.0,0.0,,,,,,,a
5,128,1,0,1,0,0.0,1.0,,,,,,,0.0,0.0,0.0,1.0,1.0,1.0,a
5,129,1,0,1,0,0.0,1.0,,,,,,,0.0,0.0,0.0,1.0,1.0,1.0,b
5,130,1,1,0,1,1.0,0.0,1.0,1.0,1.0,0.0,1.0,0.0,,,,,,,b
5,132,1,1,0,1,1.0,0.0,,,,,,,1.0,1.0,1.0,0.0,1.0,0.0,b
5,133,2,1,1,1,0.5,0.5,1.0,1.0,1.0,0.0,1.0,0.0,0.0,0.0,0.0,1.0,1.0,1.0,b
5,134,1,1,0,1,1.0,0.0,1.0,1.0,1.0,0.0,1.0,0.0,,,,,,,a
5,135,2,0,2,0,0.0,1.0,0.0,0.0,0.0,1.0,1.0,1.0,0.0,0.0,0.0,1.0,1.0,1.0,a
5,136,1,1,0,1,1.0,0.0,,,,,,,1.0,1.0,1.0,0.0,1.0,0.0,a
5,137,1,1,0,1,1.0,0.0,,,,,,,1.0,1.0,1.0,0.0,1.0,0.0,b
5,138,2,1,1,1,0.5,0.5,1.0,1.0,1.0,0.0,1.0,0.0,0.0,0.0,0.0,1.0,1.0,1.0,b
5,139,1,1,0,1,1.0,0.0,1.0,1.0,1.0,0.0,1.0,0.0,,,,,,,a
5,142,1,1,0,1,1.0,0.0,1.0,1.0,1.0,0.0,1.0,0.0,,,,,,,a
5,143,2,1,1,1,0.5,0.5,0.0,0.0,0.0,1.0,1.0,1.0,1.0,1.0,1.0,0.0,1.0,0.0,b
5,144,1,1,0,1,1.0,0.0,1.0,1.0,1.0,0.0,1.0,0.0,,,,,,,a
5,145,1,1,0,1,1.0,0.0,,,,,,,1.0,1.0,1.0,0.0,1.0,0.0,b
5,146,1,1,0,1,1.0,0.0,1.0,1.0,1.0,0.0,1.0,0.0,,,,,,,a
5,147,1,1,0,1,1.0,0.0,,,,,,,1.0,1.0,1.0,0.0,1.0,0.0,b
5,149,1,1,0,1,1.0,0.0,,,,,,,1.0,1.0,1.0,0.0,1.0,0.0,b
5,150,1,1,0,1,1.0,0.0,1.0,1.0,1.0,0.0,1.0,0.0,,,,,,,a
5,151,1,0,1,0,0.0,1.0,,,,,,,0.0,0.0,0.0,1.0,1.0,1.0,b
5,153,1,1,0,1,1.0,0.0,1.0,1.0,1.0,0.0,1.0,0.0,,,,,,,a
5,154,1,1,0,1,1.0,0.0,,,,,,,1.0,1.0,1.0,0.0,1.0,0.0,b
5,155,2,0,2,0,0.0,1.0,0.0,0.0,0.0,1.0,1.0,1.0,0.0,0.0,0.0,1.0,1.0,1.0,b
5,156,4,3,1,2,0.75,0.25,0.5,1.0,1.0,1.0,2.0,0.5,1.0,2.0,2.0,0.0,2.0,0.0,b
5,157,1,0,1,0,0.0,1.0,,,,,,,0.0,0.0,0.0,1.0,1.0,1.0,b
5,158,3,2,1,1,0.6666666666666666,0.3333333333333333,0.5,1.0,1.0,1.0,2.0,0.5,1.0,1.0,1.0,0.0,1.0,0.0,b
5,159,1,1,0,1,1.0,0.0,1.0,1.0,1.0,0.0,1.0,0.0,,,,,,,b
5,160,1,1,0,1,1.0,0.0,1.0,1.0,1.0,0.0,1.0,0.0,,,,,,,a
5,161,1,1,0,1,1.0,0.0,,,,,,,1.0,1.0,1.0,0.0,1.0,0.0,b
5,163,2,2,0,2,1.0,0.0,1.0,1.0,1.0,0.0,1.0,0.0,1.0,1.0,1.0,0.0,1.0,0.0,b
5,167,1,1,0,1,1.0,0.0,1.0,1.0,1.0,0.0,1.0,0.0,,,,,,,a
5,168,2,1,1,1,0.5,0.5,0.0,0.0,0.0,1.0,1.0,1.0,1.0,1.0,1.0,0.0,1.0,0.0,b
5,169,1,1,0,1,1.0,0.0,1.0,1.0,1.0,0.0,1.0,0.0,,,,,,,b
5,170,1,1,0,1,1.0,0.0,1.0,1.0,1.0,0.0,1.0,0.0,,,,,,,a
5,171,3,1,2,1,0.3333333333333333,0.6666666666666666,0.0,0.0,0.0,1.0,1.0,1.0,0.5,1.0,1.0,1.0,2.0,0.5,a
5,172,1,1,0,1,1.0,0.0,,,,,,,1.0,1.0,1.0,0.0,1.0,0.0,b
5,173,1,1,0,1,1.0,0.0,1.0,1.0,1.0,0.0,1.0,0.0,,,,,,,a
5,176,3,2,1,1,0.6666666666666666,0.3333333333333333,0.0,0.0,0.0,1.0,1.0,1.0,1.0,2.0,2.0,0.0,2.0,0.0,b
5,177,2,2,0,2,1.0,0.0,1.0,1.0,1.0,0.0,1.0,0.0,1.0,1.0,1.0,0.0,1.0,0.0,b
5,178,1,1,0,1,1.0,0.0,1.0,1.0,1.0,0.0,1.0,0.0,,,,,,,a
5,181,1,1,0,1,1.0,0.0,,,,,,,1.0,1.0,1.0,0.0,1.0,0.0,a
5,182,3,2,1,1,0.6666666666666666,0.3333333333333333,0.5,1.0,1.0,1.0,2.0,0.5,1.0,1.0,1.0,0.0,1.0,0.0,a
5,183,4,2,2,1,0.5,0.5,0.5,1.0,1.0,1.0,2.0,0.5,0.5,1.0,1.0,1.0,2.0,0.5,a
5,184,1,1,0,1,1.0,0.0,,,,,,,1.0,1.0,1.0,0.0,1.0,0.0,b
5,185,1,1,0,1,1.0,0.0,1.0,1.0,1.0,0.0,1.0,0.0,,,,,,,a
5,186,1,1,0,1,1.0,0.0,,,,,,,1.0,1.0,1.0,0.0,1.0,0.0,b
5,187,3,1,2,1,0.3333333333333333,0.6666666666666666,0.5,1.0,1.0,1.0,2.0,0.5,0.0,0.0,0.0,1.0,1.0,1.0,a
5,188,1,0,1,0,0.0,1.0,,,,,,,0.0,0.0,0.0,1.0,1.0,1.0,b
5,189,2,1,1,1,0.5,0.5,1.0,1.0,1.0,0.0,1.0,0.0,0.0,0.0,0.0,1.0,1.0,1.0,a
5,190,4,2,2,1,0.5,0.5,0.0,0.0,0.0,2.0,2.0,1.0,1.0,2.0,2.0,0.0,2.0,0.0,b
5,191,1,1,0,1,1.0,0.0,1.0,1.0,1.0,0.0,1.0,0.0,,,,,,,a
5,192,1,1,0,1,1.0,0.0,,,,,,,1.0,1.0,1.0,0.0,1.0,0.0,b
5,193,1,1,0,1,1.0,0.0,1.0,1.0,1.0,0.0,1.0,0.0,,,,,,,b
5,195,1,1,0,1,1.0,0.0,,,,,,,1.0,1.0,1.0,0.0,1.0,0.0,b
5,196,1,1,0,1,1.0,0.0,1.0,1.0,1.0,0.0,1.0,0.0,,,,,,,a
5,197,7,3,4,1,0.42857142857142855,0.5714285714285714,0.25,1.0,1.0,3.0,4.0,0.75,0.6666666666666666,2.0,2.0,1.0,3.0,0.3333333333333333,a
5,199,1,1,0,1,1.0,0.0,1.0,1.0,1.0,0.0,1.0,0.0,,,,,,,b
5,200,1,1,0,1,1.0,0.0,1.0,1.0,1.0,0.0,1.0,0.0,,,,,,,a
5,201,1,1,0,1,1.0,0.0,,,,,,,1.0,1.0,1.0,0.0,1.0,0.0,b
5,202,1,1,0,1,1.0,0.0,1.0,1.0,1.0,0.0,1.0,0.0,,,,,,,a
5,203,1,0,1,0,0.0,1.0,,,,,,,0.0,0.0,0.0,1.0,1.0,1.0,b
5,204,1,0,1,0,0.0,1.0,0.0,0.0,0.0,1.0,1.0,1.0,,,,,,,a
5,205,2,0,2,0,0.0,1.0,0.0,0.0,0.0,1.0,1.0,1.0,0.0,0.0,0.0,1.0,1.0,1.0,b
5,206,1,0,1,0,0.0,1.0,0.0,0.0,0.0,1.0,1.0,1.0,,,,,,,b
5,208,1,1,0,1,1.0,0.0,,,,,,,1.0,1.0,1.0,0.0,1.0,0.0,b
5,209,1,1,0,1,1.0,0.0,1.0,1.0,1.0,0.0,1.0,0.0,,,,,,,a
5,210,1,1,0,1,1.0,0.0,,,,,,,1.0,1.0,1.0,0.0,1.0,0.0,a
5,211,1,1,0,1,1.0,0.0,,,,,,,1.0,1.0,1.0,0.0,1.0,0.0,b
5,212,1,0,1,0,0.0,1.0,0.0,0.0,0.0,1.0,1.0,1.0,,,,,,,a
5,213,1,1,0,1,1.0,0.0,,,,,,,1.0,1.0,1.0,0.0,1.0,0.0,b
5,214,1,1,0,1,1.0,0.0,1.0,1.0,1.0,0.0,1.0,0.0,,,,,,,a
5,215,1,1,0,1,1.0,0.0,,,,,,,1.0,1.0,1.0,0.0,1.0,0.0,b
5,216,1,1,0,1,1.0,0.0,1.0,1.0,1.0,0.0,1.0,0.0,,,,,,,a
5,217,3,1,2,1,0.3333333333333333,0.6666666666666666,0.0,0.0,0.0,1.0,1.0,1.0,0.5,1.0,1.0,1.0,2.0,0.5,b
5,218,1,1,0,1,1.0,0.0,1.0,1.0,1.0,0.0,1.0,0.0,,,,,,,a
5,221,2,1,1,1,0.5,0.5,0.0,0.0,0.0,1.0,1.0,1.0,1.0,1.0,1.0,0.0,1.0,0.0,a
6,1,1,1,0,1,1.0,0.0,1.0,1.0,1.0,0.0,1.0,0.0,,,,,,,a
6,3,3,3,0,3,1.0,0.0,1.0,2.0,2.0,0.0,2.0,0.0,1.0,1.0,1.0,0.0,1.0,0.0,b
6,4,1,1,0,1,1.0,0.0,1.0,1.0,1.0,0.0,1.0,0.0,,,,,,,b
6,6,2,2,0,2,1.0,0.0,1.0,1.0,1.0,0.0,1.0,0.0,1.0,1.0,1.0,0.0,1.0,0.0,b
6,7,1,1,0,1,1.0,0.0,1.0,1.0,1.0,0.0,1.0,0.0,,,,,,,a
6,8,1,1,0,1,1.0,0.0,,,,,,,1.0,1.0,1.0,0.0,1.0,0.0,a
6,9,1,1,0,1,1.0,0.0,,,,,,,1.0,1.0,1.0,0.0,1.0,0.0,b
6,11,1,1,0,1,1.0,0.0,,,,,,,1.0,1.0,1.0,0.0,1.0,0.0,b
6,12,2,2,0,2,1.0,0.0,1.0,2.0,2.0,0.0,2.0,0.0,,,,,,,b
6,13,1,1,0,1,1.0,0.0,1.0,1.0,1.0,0.0,1.0,0.0,,,,,,,a
6,14,2,2,0,2,1.0,0.0,1.0,1.0,1.0,0.0,1.0,0.0,1.0,1.0,1.0,0.0,1.0,0.0,a
6,15,4,2,2,2,0.5,0.5,0.5,1.0,1.0,1.0,2.0,0.5,0.5,1.0,1.0,1.0,2.0,0.5,a
6,19,3,1,2,1,0.3333333333333333,0.6666666666666666,0.5,1.0,1.0,1.0,2.0,0.5,0.0,0.0,0.0,1.0,1.0,1.0,a
6,21,5,3,2,1,0.6,0.4,1.0,3.0,3.0,0.0,3.0,0.0,0.0,0.0,0.0,2.0,2.0,1.0,b
6,22,1,0,1,0,0.0,1.0,0.0,0.0,0.0,1.0,1.0,1.0,,,,,,,b
6,23,1,1,0,1,1.0,0.0,1.0,1.0,1.0,0.0,1.0,0.0,,,,,,,a
6,25,1,0,1,0,0.0,1.0,0.0,0.0,0.0,1.0,1.0,1.0,,,,,,,a
6,26,3,2,1,1,0.6666666666666666,0.3333333333333333,0.0,0.0,0.0,1.0,1.0,1.0,1.0,2.0,2.0,0.0,2.0,0.0,b
6,27,1,1,0,1,1.0,0.0,1.0,1.0,1.0,0.0,1.0,0.0,,,,,,,a
6,28,7,3,4,2,0.42857142857142855,0.5714285714285714,0.5,1.0,1.0,1.0,2.0,0.5,0.4,1.0,2.0,3.0,5.0,0.6,b
6,29,1,1,0,1,1.0,0.0,1.0,1.0,1.0,0.0,1.0,0.0,,,,,,,a
6,30,3,0,3,0,0.0,1.0,0.0,0.0,0.0,1.0,1.0,1.0,0.0,0.0,0.0,2.0,2.0,1.0,b
6,31,3,2,1,2,0.6666666666666666,0.3333333333333333,0.5,1.0,1.0,1.0,2.0,0.5,1.0,1.0,1.0,0.0,1.0,0.0,a
6,34,1,1,0,1,1.0,0.0,,,,,,,1.0,1.0,1.0,0.0,1.0,0.0,b
6,36,1,1,0,1,1.0,0.0,,,,,,,1.0,1.0,1.0,0.0,1.0,0.0,b
6,38,1,1,0,1,1.0,0.0,1.0,1.0,1.0,0.0,1.0,0.0,,,,,,,a
6,40,5,3,2,1,0.6,0.4,0.0,0.0,0.0,2.0,2.0,1.0,1.0,3.0,3.0,0.0,3.0,0.0,a
6,41,2,1,1,1,0.5,0.5,,,,,,,0.5,1.0,1.0,1.0,2.0,0.5,a
6,42,1,1,0,1,1.0,0.0,,,,,,,1.0,1.0,1.0,0.0,1.0,0.0,b
6,44,1,1,0,1,1.0,0.0,,,,,,,1.0,1.0,1.0,0.0,1.0,0.0,b
6,45,1,1,0,1,1.0,0.0,1.0,1.0,1.0,0.0,1.0,0.0,,,,,,,a
6,46,2,1,1,1,0.5,0.5,0.0,0.0,0.0,1.0,1.0,1.0,1.0,1.0,1.0,0.0,1.0,0.0,a
6,48,1,1,0,1,1.0,0.0,1.0,1.0,1.0,0.0,1.0,0.0,,,,,,,a
6,50,1,1,0,1,1.0,0.0,1.0,1.0,1.0,0.0,1.0,0.0,,,,,,,a
6,51,2,1,1,1,0.5,0.5,1.0,1.0,1.0,0.0,1.0,0.0,0.0,0.0,0.0,1.0,1.0,1.0,a
6,52,3,2,1,1,0.6666666666666666,0.3333333333333333,0.0,0.0,0.0,1.0,1.0,1.0,1.0,2.0,2.0,0.0,2.0,0.0,a
6,53,1,0,1,0,0.0,1.0,,,,,,,0.0,0.0,0.0,1.0,1.0,1.0,a
6,55,1,1,0,1,1.0,0.0,1.0,1.0,1.0,0.0,1.0,0.0,,,,,,,a
6,59,6,2,4,1,0.3333333333333333,0.6666666666666666,0.3333333333333333,1.0,1.0,2.0,3.0,0.6666666666666666,0.3333333333333333,1.0,1.0,2.0,3.0,0.6666666666666666,a
6,61,1,1,0,1,1.0,0.0,,,,,,,1.0,1.0,1.0,0.0,1.0,0.0,b
6,62,1,1,0,1,1.0,0.0,1.0,1.0,1.0,0.0,1.0,0.0,,,,,,,b
6,63,1,0,1,0,0.0,1.0,0.0,0.0,0.0,1.0,1.0,1.0,,,,,,,a
6,64,2,1,1,1,0.5,0.5,1.0,1.0,1.0,0.0,1.0,0.0,0.0,0.0,0.0,1.0,1.0,1.0,a
6,66,4,2,2,1,0.5,0.5,0.0,0.0,0.0,1.0,1.0,1.0,0.6666666666666666,1.0,2.0,1.0,3.0,0.3333333333333333,b
6,67,1,1,0,1,1.0,0.0,1.0,1.0,1.0,0.0,1.0,0.0,,,,,,,b
6,68,2,0,2,0,0.0,1.0,0.0,0.0,0.0,1.0,1.0,1.0,0.0,0.0,0.0,1.0,1.0,1.0,b
6,69,2,1,1,1,0.5,0.5,1.0,1.0,1.0,0.0,1.0,0.0,0.0,0.0,0.0,1.0,1.0,1.0,b
6,73,3,0,3,0,0.0,1.0,0.0,0.0,0.0,2.0,2.0,1.0,0.0,0.0,0.0,1.0,1.0,1.0,a
6,74,1,0,1,0,0.0,1.0,,,,,,,0.0,0.0,0.0,1.0,1.0,1.0,a
6,76,2,0,2,0,0.0,1.0,,,,,,,0.0,0.0,0.0,2.0,2.0,1.0,b
6,82,1,1,0,1,1.0,0.0,1.0,1.0,1.0,0.0,1.0,0.0,,,,,,,a
6,83,1,1,0,1,1.0,0.0,,,,,,,1.0,1.0,1.0,0.0,1.0,0.0,a
6,84,3,1,2,1,0.3333333333333333,0.6666666666666666,1.0,1.0,1.0,0.0,1.0,0.0,0.0,0.0,0.0,2.0,2.0,1.0,a
6,85,1,1,0,1,1.0,0.0,,,,,,,1.0,1.0,1.0,0.0,1.0,0.0,b
6,87,6,1,5,1,0.16666666666666666,0.8333333333333334,0.3333333333333333,1.0,1.0,2.0,3.0,0.6666666666666666,0.0,0.0,0.0,3.0,3.0,1.0,b
6,88,3,2,1,2,0.6666666666666666,0.3333333333333333,0.5,1.0,1.0,1.0,2.0,0.5,1.0,1.0,1.0,0.0,1.0,0.0,a
6,91,2,2,0,2,1.0,0.0,1.0,1.0,1.0,0.0,1.0,0.0,1.0,1.0,1.0,0.0,1.0,0.0,a
6,93,1,1,0,1,1.0,0.0,1.0,1.0,1.0,0.0,1.0,0.0,,,,,,,a
6,94,1,0,1,0,0.0,1.0,,,,,,,0.0,0.0,0.0,1.0,1.0,1.0,b
6,95,1,1,0,1,1.0,0.0,1.0,1.0,1.0,0.0,1.0,0.0,,,,,,,b
6,96,1,1,0,1,1.0,0.0,1.0,1.0,1.0,0.0,1.0,0.0,,,,,,,a
6,97,2,1,1,1,0.5,0.5,1.0,1.0,1.0,0.0,1.0,0.0,0.0,0.0,0.0,1.0,1.0,1.0,a
6,99,1,0,1,0,0.0,1.0,,,,,,,0.0,0.0,0.0,1.0,1.0,1.0,b
6,100,1,1,0,1,1.0,0.0,1.0,1.0,1.0,0.0,1.0,0.0,,,,,,,a
6,101,1,0,1,0,0.0,1.0,,,,,,,0.0,0.0,0.0,1.0,1.0,1.0,b
6,102,1,1,0,1,1.0,0.0,1.0,1.0,1.0,0.0,1.0,0.0,,,,,,,b
6,103,1,1,0,1,1.0,0.0,1.0,1.0,1.0,0.0,1.0,0.0,,,,,,,a
6,104,3,2,1,1,0.6666666666666666,0.3333333333333333,0.0,0.0,0.0,1.0,1.0,1.0,1.0,2.0,2.0,0.0,2.0,0.0,b
6,106,1,0,1,0,0.0,1.0,,,,,,,0.0,0.0,0.0,1.0,1.0,1.0,b
6,108,3,1,2,1,0.3333333333333333,0.6666666666666666,1.0,1.0,1.0,0.0,1.0,0.0,0.0,0.0,0.0,2.0,2.0,1.0,a
6,110,2,2,0,2,1.0,0.0,1.0,1.0,1.0,0.0,1.0,0.0,1.0,1.0,1.0,0.0,1.0,0.0,b
6,113,3,1,2,1,0.3333333333333333,0.6666666666666666,0.5,1.0,1.0,1.0,2.0,0.5,0.0,0.0,0.0,1.0,1.0,1.0,a
6,116,2,1,1,1,0.5,0.5,1.0,1.0,1.0,0.0,1.0,0.0,0.0,0.0,0.0,1.0,1.0,1.0,a
6,118,3,2,1,1,0.6666666666666666,0.3333333333333333,1.0,2.0,2.0,0.0,2.0,0.0,0.0,0.0,0.0,1.0,1.0,1.0,a
6,119,2,1,1,1,0.5,0.5,0.0,0.0,0.0,1.0,1.0,1.0,1.0,1.0,1.0,0.0,1.0,0.0,a
6,120,1,0,1,0,0.0,1.0,,,,,,,0.0,0.0,0.0,1.0,1.0,1.0,b
6,121,2,1,1,1,0.5,0.5,1.0,1.0,1.0,0.0,1.0,0.0,0.0,0.0,0.0,1.0,1.0,1.0,a
6,122,1,1,0,1,1.0,0.0,,,,,,,1.0,1.0,1.0,0.0,1.0,0.0,b
6,123,1,1,0,1,1.0,0.0,1.0,1.0,1.0,0.0,1.0,0.0,,,,,,,b
6,124,1,1,0,1,1.0,0.0,1.0,1.0,1.0,0.0,1.0,0.0,,,,,,,a
6,125,1,0,1,0,0.0,1.0,,,,,,,0.0,0.0,0.0,1.0,1.0,1.0,a
6,127,1,0,1,0,0.0,1.0,,,,,,,0.0,0.0,0.0,1.0,1.0,1.0,a
6,128,1,1,0,1,1.0,0.0,,,,,,,1.0,1.0,1.0,0.0,1.0,0.0,b
6,129,1,0,1,0,0.0,1.0,0.0,0.0,0.0,1.0,1.0,1.0,,,,,,,b
6,132,1,1,0,1,1.0,0.0,1.0,1.0,1.0,0.0,1.0,0.0,,,,,,,b
6,133,1,1,0,1,1.0,0.0,1.0,1.0,1.0,0.0,1.0,0.0,,,,,,,a
6,137,4,2,2,2,0.5,0.5,0.5,1.0,1.0,1.0,2.0,0.5,0.5,1.0,1.0,1.0,2.0,0.5,a
7,1,3,1,2,1,0.3333333333333333,0.6666666666666666,1.0,1.0,1.0,0.0,1.0,0.0,0.0,0.0,0.0,2.0,2.0,1.0,b
7,3,1,1,0,1,1.0,0.0,1.0,1.0,1.0,0.0,1.0,0.0,,,,,,,b
7,7,5,3,2,1,0.6,0.4,0.0,0.0,0.0,2.0,2.0,1.0,1.0,3.0,3.0,0.0,3.0,0.0,a
7,8,1,1,0,1,1.0,0.0,,,,,,,1.0,1.0,1.0,0.0,1.0,0.0,b
7,9,1,1,0,1,1.0,0.0,1.0,1.0,1.0,0.0,1.0,0.0,,,,,,,b
7,11,2,0,2,0,0.0,1.0,,,,,,,0.0,0.0,0.0,2.0,2.0,1.0,b
7,12,1,1,0,1,1.0,0.0,1.0,1.0,1.0,0.0,1.0,0.0,,,,,,,a
7,13,1,0,1,0,0.0,1.0,,,,,,,0.0,0.0,0.0,1.0,1.0,1.0,a
7,15,2,2,0,2,1.0,0.0,1.0,1.0,1.0,0.0,1.0,0.0,1.0,1.0,1.0,0.0,1.0,0.0,b
7,17,5,1,4,1,0.2,0.8,0.0,0.0,0.0,2.0,2.0,1.0,0.3333333333333333,1.0,1.0,2.0,3.0,0.6666666666666666,b
7,18,1,1,0,1,1.0,0.0,1.0,1.0,1.0,0.0,1.0,0.0,,,,,,,a
7,20,1,1,0,1,1.0,0.0,1.0,1.0,1.0,0.0,1.0,0.0,,,,,,,a
7,22,1,0,1,0,0.0,1.0,0.0,0.0,0.0,1.0,1.0,1.0,,,,,,,a
7,23,1,1,0,1,1.0,0.0,,,,,,,1.0,1.0,1.0,0.0,1.0,0.0,b
7,25,1,1,0,1,1.0,0.0,1.0,1.0,1.0,0.0,1.0,0.0,,,,,,,a
7,26,2,0,2,0,0.0,1.0,0.0,0.0,0.0,1.0,1.0,1.0,0.0,0.0,0.0,1.0,1.0,1.0,b
7,27,3,1,2,1,0.3333333333333333,0.6666666666666666,0.0,0.0,0.0,2.0,2.0,1.0,1.0,1.0,1.0,0.0,1.0,0.0,b
7,28,1,1,0,1,1.0,0.0,1.0,1.0,1.0,0.0,1.0,0.0,,,,,,,a
7,29,1,1,0,1,1.0,0.0,,,,,,,1.0,1.0,1.0,0.0,1.0,0.0,a
7,30,1,1,0,1,1.0,0.0,,,,,,,1.0,1.0,1.0,0.0,1.0,0.0,a
7,32,1,1,0,1,1.0,0.0,,,,,,,1.0,1.0,1.0,0.0,1.0,0.0,b
7,33,1,1,0,1,1.0,0.0,1.0,1.0,1.0,0.0,1.0,0.0,,,,,,,a
7,34,1,0,1,0,0.0,1.0,,,,,,,0.0,0.0,0.0,1.0,1.0,1.0,a
7,35,2,1,1,1,0.5,0.5,0.0,0.0,0.0,1.0,1.0,1.0,1.0,1.0,1.0,0.0,1.0,0.0,a
7,36,1,1,0,1,1.0,0.0,,,,,,,1.0,1.0,1.0,0.0,1.0,0.0,b
7,37,1,1,0,1,1.0,0.0,1.0,1.0,1.0,0.0,1.0,0.0,,,,,,,a
7,40,2,2,0,2,1.0,0.0,1.0,1.0,1.0,0.0,1.0,0.0,1.0,1.0,1.0,0.0,1.0,0.0,a
7,41,4,3,1,2,0.75,0.25,0.0,0.0,0.0,1.0,1.0,1.0,1.0,3.0,3.0,0.0,3.0,0.0,a
7,42,6,3,3,2,0.5,0.5,0.5,1.0,2.0,2.0,4.0,0.5,0.5,1.0,1.0,1.0,2.0,0.5,a
7,43,1,1,0,1,1.0,0.0,1.0,1.0,1.0,0.0,1.0,0.0,,,,,,,a
7,44,1,0,1,0,0.0,1.0,,,,,,,0.0,0.0,0.0,1.0,1.0,1.0,a
7,45,1,1,0,1,1.0,0.0,1.0,1.0,1.0,0.0,1.0,0.0,,,,,,,a
7,46,4,0,4,0,0.0,1.0,0.0,0.0,0.0,2.0,2.0,1.0,0.0,0.0,0.0,2.0,2.0,1.0,b
7,47,1,1,0,1,1.0,0.0,1.0,1.0,1.0,0.0,1.0,0.0,,,,,,,b
7,48,3,0,3,0,0.0,1.0,0.0,0.0,0.0,2.0,2.0,1.0,0.0,0.0,0.0,1.0,1.0,1.0,a
7,49,3,1,2,1,0.3333333333333333,0.6666666666666666,0.0,0.0,0.0,1.0,1.0,1.0,0.5,1.0,1.0,1.0,2.0,0.5,a
7,50,2,0,2,0,0.0,1.0,,,,,,,0.0,0.0,0.0,2.0,2.0,1.0,a
7,52,1,1,0,1,1.0,0.0,,,,,,,1.0,1.0,1.0,0.0,1.0,0.0,b
7,53,1,1,0,1,1.0,0.0,1.0,1.0,1.0,0.0,1.0,0.0,,,,,,,a
7,54,2,2,0,2,1.0,0.0,1.0,1.0,1.0,0.0,1.0,0.0,1.0,1.0,1.0,0.0,1.0,0.0,a
7,55,1,1,0,1,1.0,0.0,,,,,,,1.0,1.0,1.0,0.0,1.0,0.0,b
7,56,4,1,3,1,0.25,0.75,0.5,1.0,1.0,1.0,2.0,0.5,0.0,0.0,0.0,2.0,2.0,1.0,b
7,57,1,0,1,0,0.0,1.0,0.0,0.0,0.0,1.0,1.0,1.0,,,,,,,a
7,58,2,0,2,0,0.0,1.0,0.0,0.0,0.0,1.0,1.0,1.0,0.0,0.0,0.0,1.0,1.0,1.0,a
7,59,2,0,2,0,0.0,1.0,0.0,0.0,0.0,1.0,1.0,1.0,0.0,0.0,0.0,1.0,1.0,1.0,a
7,60,2,1,1,1,0.5,0.5,1.0,1.0,1.0,0.0,1.0,0.0,0.0,0.0,0.0,1.0,1.0,1.0,a
7,61,1,1,0,1,1.0,0.0,,,,,,,1.0,1.0,1.0,0.0,1.0,0.0,a
7,62,1,0,1,0,0.0,1.0,,,,,,,0.0,0.0,0.0,1.0,1.0,1.0,b
7,63,1,1,0,1,1.0,0.0,1.0,1.0,1.0,0.0,1.0,0.0,,,,,,,a
7,64,2,0,2,0,0.0,1.0,,,,,,,0.0,0.0,0.0,2.0,2.0,1.0,b
7,66,2,0,2,0,0.0,1.0,0.0,0.0,0.0,1.0,1.0,1.0,0.0,0.0,0.0,1.0,1.0,1.0,a
7,67,3,0,3,0,0.0,1.0,0.0,0.0,0.0,1.0,1.0,1.0,0.0,0.0,0.0,2.0,2.0,1.0,a
7,69,4,1,3,1,0.25,0.75,0.5,1.0,1.0,1.0,2.0,0.5,0.0,0.0,0.0,2.0,2.0,1.0,b
7,70,4,2,2,2,0.5,0.5,0.6666666666666666,2.0,2.0,1.0,3.0,0.3333333333333333,0.0,0.0,0.0,1.0,1.0,1.0,b
7,71,1,1,0,1,1.0,0.0,1.0,1.0,1.0,0.0,1.0,0.0,,,,,,,a
7,72,3,1,2,1,0.3333333333333333,0.6666666666666666,0.5,1.0,1.0,1.0,2.0,0.5,0.0,0.0,0.0,1.0,1.0,1.0,b
7,75,1,1,0,1,1.0,0.0,,,,,,,1.0,1.0,1.0,0.0,1.0,0.0,b
7,76,1,1,0,1,1.0,0.0,1.0,1.0,1.0,0.0,1.0,0.0,,,,,,,a
7,77,1,1,0,1,1.0,0.0,,,,,,,1.0,1.0,1.0,0.0,1.0,0.0,b
7,79,1,1,0,1,1.0,0.0,,,,,,,1.0,1.0,1.0,0.0,1.0,0.0,b
7,80,1,1,0,1,1.0,0.0,1.0,1.0,1.0,0.0,1.0,0.0,,,,,,,a
7,81,1,1,0,1,1.0,0.0,,,,,,,1.0,1.0,1.0,0.0,1.0,0.0,b
7,84,1,1,0,1,1.0,0.0,,,,,,,1.0,1.0,1.0,0.0,1.0,0.0,a
7,85,3,1,2,1,0.3333333333333333,0.6666666666666666,,,,,,,0.3333333333333333,1.0,1.0,2.0,3.0,0.6666666666666666,a
7,86,3,1,2,1,0.3333333333333333,0.6666666666666666,,,,,,,0.3333333333333333,1.0,1.0,2.0,3.0,0.6666666666666666,a
7,87,1,1,0,1,1.0,0.0,1.0,1.0,1.0,0.0,1.0,0.0,,,,,,,a
7,88,1,1,0,1,1.0,0.0,,,,,,,1.0,1.0,1.0,0.0,1.0,0.0,b
7,90,1,1,0,1,1.0,0.0,,,,,,,1.0,1.0,1.0,0.0,1.0,0.0,b
7,92,1,1,0,1,1.0,0.0,1.0,1.0,1.0,0.0,1.0,0.0,,,,,,,a
7,93,1,1,0,1,1.0,0.0,,,,,,,1.0,1.0,1.0,0.0,1.0,0.0,b
7,94,1,0,1,0,0.0,1.0,0.0,0.0,0.0,1.0,1.0,1.0,,,,,,,a
7,96,1,0,1,0,0.0,1.0,0.0,0.0,0.0,1.0,1.0,1.0,,,,,,,b
7,97,1,0,1,0,0.0,1.0,0.0,0.0,0.0,1.0,1.0,1.0,,,,,,,a
7,98,5,2,3,1,0.4,0.6,0.5,1.0,1.0,1.0,2.0,0.5,0.3333333333333333,1.0,1.0,2.0,3.0,0.6666666666666666,a
7,99,1,1,0,1,1.0,0.0,,,,,,,1.0,1.0,1.0,0.0,1.0,0.0,a
7,100,1,0,1,0,0.0,1.0,,,,,,,0.0,0.0,0.0,1.0,1.0,1.0,a
7,101,2,1,1,1,0.5,0.5,0.0,0.0,0.0,1.0,1.0,1.0,1.0,1.0,1.0,0.0,1.0,0.0,a
7,102,2,2,0,2,1.0,0.0,1.0,1.0,1.0,0.0,1.0,0.0,1.0,1.0,1.0,0.0,1.0,0.0,a
7,103,3,2,1,1,0.6666666666666666,0.3333333333333333,0.0,0.0,0.0,1.0,1.0,1.0,1.0,2.0,2.0,0.0,2.0,0.0,b
7,104,1,1,0,1,1.0,0.0,1.0,1.0,1.0,0.0,1.0,0.0,,,,,,,a
7,107,1,1,0,1,1.0,0.0,1.0,1.0,1.0,0.0,1.0,0.0,,,,,,,a
7,108,1,0,1,0,0.0,1.0,,,,,,,0.0,0.0,0.0,1.0,1.0,1.0,b
7,109,1,1,0,1,1.0,0.0,1.0,1.0,1.0,0.0,1.0,0.0,,,,,,,a
7,110,2,1,1,1,0.5,0.5,0.0,0.0,0.0,1.0,1.0,1.0,1.0,1.0,1.0,0.0,1.0,0.0,a
7,111,2,2,0,2,1.0,0.0,,,,,,,1.0,2.0,2.0,0.0,2.0,0.0,b
7,113,2,2,0,2,1.0,0.0,1.0,1.0,1.0,0.0,1.0,0.0,1.0,1.0,1.0,0.0,1.0,0.0,a
7,114,1,0,1,0,0.0,1.0,,,,,,,0.0,0.0,0.0,1.0,1.0,1.0,a
7,116,1,1,0,1,1.0,0.0,1.0,1.0,1.0,0.0,1.0,0.0,,,,,,,a
7,117,1,0,1,0,0.0,1.0,,,,,,,0.0,0.0,0.0,1.0,1.0,1.0,b
7,118,3,0,3,0,0.0,1.0,0.0,0.0,0.0,2.0,2.0,1.0,0.0,0.0,0.0,1.0,1.0,1.0,a
7,119,1,1,0,1,1.0,0.0,,,,,,,1.0,1.0,1.0,0.0,1.0,0.0,b
7,120,1,1,0,1,1.0,0.0,1.0,1.0,1.0,0.0,1.0,0.0,,,,,,,a
7,122,1,1,0,1,1.0,0.0,1.0,1.0,1.0,0.0,1.0,0.0,,,,,,,a
7,123,2,1,1,1,0.5,0.5,1.0,1.0,1.0,0.0,1.0,0.0,0.0,0.0,0.0,1.0,1.0,1.0,a
7,125,3,1,2,1,0.3333333333333333,0.6666666666666666,0.0,0.0,0.0,2.0,2.0,1.0,1.0,1.0,1.0,0.0,1.0,0.0,b
7,126,1,1,0,1,1.0,0.0,1.0,1.0,1.0,0.0,1.0,0.0,,,,,,,b
7,127,1,1,0,1,1.0,0.0,1.0,1.0,1.0,0.0,1.0,0.0,,,,,,,a
7,128,1,0,1,0,0.0,1.0,,,,,,,0.0,0.0,0.0,1.0,1.0,1.0,b
7,129,1,0,1,0,0.0,1.0,0.0,0.0,0.0,1.0,1.0,1.0,,,,,,,b
7,130,1,0,1,0,0.0,1.0,0.0,0.0,0.0,1.0,1.0,1.0,,,,,,,a
8,1,1,1,0,1,1.0,0.0,1.0,1.0,1.0,0.0,1.0,0.0,,,,,,,a
8,2,3,3,0,3,1.0,0.0,,,,,,,1.0,3.0,3.0,0.0,3.0,0.0,b
8,4,1,1,0,1,1.0,0.0,,,,,,,1.0,1.0,1.0,0.0,1.0,0.0,a
8,5,1,1,0,1,1.0,0.0,,,,,,,1.0,1.0,1.0,0.0,1.0,0.0,b
8,6,1,1,0,1,1.0,0.0,1.0,1.0,1.0,0.0,1.0,0.0,,,,,,,a
8,8,2,1,1,1,0.5,0.5,0.0,0.0,0.0,1.0,1.0,1.0,1.0,1.0,1.0,0.0,1.0,0.0,b
8,9,3,2,1,2,0.6666666666666666,0.3333333333333333,0.5,1.0,1.0,1.0,2.0,0.5,1.0,1.0,1.0,0.0,1.0,0.0,b
8,11,1,0,1,0,0.0,1.0,,,,,,,0.0,0.0,0.0,1.0,1.0,1.0,b
8,12,1,0,1,0,0.0,1.0,0.0,0.0,0.0,1.0,1.0,1.0,,,,,,,a
8,13,1,1,0,1,1.0,0.0,,,,,,,1.0,1.0,1.0,0.0,1.0,0.0,b
8,14,2,1,1,1,0.5,0.5,0.0,0.0,0.0,1.0,1.0,1.0,1.0,1.0,1.0,0.0,1.0,0.0,a
8,15,1,1,0,1,1.0,0.0,,,,,,,1.0,1.0,1.0,0.0,1.0,0.0,b
8,16,1,0,1,0,0.0,1.0,0.0,0.0,0.0,1.0,1.0,1.0,,,,,,,a
8,17,1,0,1,0,0.0,1.0,,,,,,,0.0,0.0,0.0,1.0,1.0,1.0,b
8,19,1,1,0,1,1.0,0.0,,,,,,,1.0,1.0,1.0,0.0,1.0,0.0,a
8,20,2,1,1,1,0.5,0.5,0.0,0.0,0.0,1.0,1.0,1.0,1.0,1.0,1.0,0.0,1.0,0.0,a
8,22,2,1,1,1,0.5,0.5,1.0,1.0,1.0,0.0,1.0,0.0,0.0,0.0,0.0,1.0,1.0,1.0,b
8,23,2,2,0,2,1.0,0.0,1.0,1.0,1.0,0.0,1.0,0.0,1.0,1.0,1.0,0.0,1.0,0.0,a
8,25,3,2,1,2,0.6666666666666666,0.3333333333333333,0.5,1.0,1.0,1.0,2.0,0.5,1.0,1.0,1.0,0.0,1.0,0.0,a
8,27,3,2,1,1,0.6666666666666666,0.3333333333333333,0.0,0.0,0.0,1.0,1.0,1.0,1.0,2.0,2.0,0.0,2.0,0.0,b
8,28,1,1,0,1,1.0,0.0,1.0,1.0,1.0,0.0,1.0,0.0,,,,,,,a
8,29,1,1,0,1,1.0,0.0,,,,,,,1.0,1.0,1.0,0.0,1.0,0.0,b
8,30,1,1,0,1,1.0,0.0,1.0,1.0,1.0,0.0,1.0,0.0,,,,,,,a
8,31,1,1,0,1,1.0,0.0,,,,,,,1.0,1.0,1.0,0.0,1.0,0.0,a
8,32,4,1,3,1,0.25,0.75,1.0,1.0,1.0,0.0,1.0,0.0,0.0,0.0,0.0,3.0,3.0,1.0,b
8,34,1,1,0,1,1.0,0.0,,,,,,,1.0,1.0,1.0,0.0,1.0,0.0,b
8,35,1,1,0,1,1.0,0.0,1.0,1.0,1.0,0.0,1.0,0.0,,,,,,,b
8,36,1,1,0,1,1.0,0.0,1.0,1.0,1.0,0.0,1.0,0.0,,,,,,,b
8,38,1,1,0,1,1.0,0.0,1.0,1.0,1.0,0.0,1.0,0.0,,,,,,,b
8,39,1,0,1,0,0.0,1.0,0.0,0.0,0.0,1.0,1.0,1.0,,,,,,,a
8,40,1,1,0,1,1.0,0.0,,,,,,,1.0,1.0,1.0,0.0,1.0,0.0,b
8,41,6,1,5,1,0.16666666666666666,0.8333333333333334,0.25,1.0,1.0,3.0,4.0,0.75,0.0,0.0,0.0,2.0,2.0,1.0,b
8,42,1,1,0,1,1.0,0.0,1.0,1.0,1.0,0.0,1.0,0.0,,,,,,,b
8,43,2,2,0,2,1.0,0.0,1.0,2.0,2.0,0.0,2.0,0.0,,,,,,,a
8,45,1,1,0,1,1.0,0.0,1.0,1.0,1.0,0.0,1.0,0.0,,,,,,,a
8,46,1,1,0,1,1.0,0.0,,,,,,,1.0,1.0,1.0,0.0,1.0,0.0,b
8,47,2,2,0,2,1.0,0.0,1.0,2.0,2.0,0.0,2.0,0.0,,,,,,,a
8,48,1,1,0,1,1.0,0.0,,,,,,,1.0,1.0,1.0,0.0,1.0,0.0,b
8,49,1,1,0,1,1.0,0.0,,,,,,,1.0,1.0,1.0,0.0,1.0,0.0,a
8,50,2,0,2,0,0.0,1.0,0.0,0.0,0.0,1.0,1.0,1.0,0.0,0.0,0.0,1.0,1.0,1.0,b
8,51,1,0,1,0,0.0,1.0,0.0,0.0,0.0,1.0,1.0,1.0,,,,,,,a
8,54,2,2,0,2,1.0,0.0,,,,,,,1.0,2.0,2.0,0.0,2.0,0.0,b
8,55,1,1,0,1,1.0,0.0,1.0,1.0,1.0,0.0,1.0,0.0,,,,,,,a
8,56,4,2,2,2,0.5,0.5,0.5,1.0,1.0,1.0,2.0,0.5,0.5,1.0,1.0,1.0,2.0,0.5,b
8,57,1,1,0,1,1.0,0.0,1.0,1.0,1.0,0.0,1.0,0.0,,,,,,,a
8,58,1,1,0,1,1.0,0.0,,,,,,,1.0,1.0,1.0,0.0,1.0,0.0,a
8,59,3,2,1,1,0.6666666666666666,0.3333333333333333,1.0,1.0,1.0,0.0,1.0,0.0,0.5,1.0,1.0,1.0,2.0,0.5,a
8,61,2,1,1,1,0.5,0.5,1.0,1.0,1.0,0.0,1.0,0.0,0.0,0.0,0.0,1.0,1.0,1.0,b
8,62,1,0,1,0,0.0,1.0,0.0,0.0,0.0,1.0,1.0,1.0,,,,,,,b
8,63,1,0,1,0,0.0,1.0,0.0,0.0,0.0,1.0,1.0,1.0,,,,,,,a
8,64,5,3,2,2,0.6,0.4,0.6666666666666666,2.0,2.0,1.0,3.0,0.3333333333333333,0.5,1.0,1.0,1.0,2.0,0.5,a
8,67,1,0,1,0,0.0,1.0,0.0,0.0,0.0,1.0,1.0,1.0,,,,,,,a
8,68,2,2,0,2,1.0,0.0,1.0,1.0,1.0,0.0,1.0,0.0,1.0,1.0,1.0,0.0,1.0,0.0,a
8,69,1,1,0,1,1.0,0.0,,,,,,,1.0,1.0,1.0,0.0,1.0,0.0,a
8,70,1,0,1,0,0.0,1.0,,,,,,,0.0,0.0,0.0,1.0,1.0,1.0,a
8,71,1,1,0,1,1.0,0.0,,,,,,,1.0,1.0,1.0,0.0,1.0,0.0,b
8,72,2,2,0,2,1.0,0.0,1.0,1.0,1.0,0.0,1.0,0.0,1.0,1.0,1.0,0.0,1.0,0.0,b
8,73,1,1,0,1,1.0,0.0,1.0,1.0,1.0,0.0,1.0,0.0,,,,,,,a
8,74,5,2,3,1,0.4,0.6,0.0,0.0,0.0,3.0,3.0,1.0,1.0,2.0,2.0,0.0,2.0,0.0,a
8,75,1,0,1,0,0.0,1.0,0.0,0.0,0.0,1.0,1.0,1.0,,,,,,,b
8,76,1,1,0,1,1.0,0.0,1.0,1.0,1.0,0.0,1.0,0.0,,,,,,,a
8,77,1,1,0,1,1.0,0.0,,,,,,,1.0,1.0,1.0,0.0,1.0,0.0,b
8,78,1,1,0,1,1.0,0.0,1.0,1.0,1.0,0.0,1.0,0.0,,,,,,,a
8,80,2,1,1,1,0.5,0.5,0.0,0.0,0.0,1.0,1.0,1.0,1.0,1.0,1.0,0.0,1.0,0.0,a
8,81,2,0,2,0,0.0,1.0,0.0,0.0,0.0,1.0,1.0,1.0,0.0,0.0,0.0,1.0,1.0,1.0,b
8,82,1,1,0,1,1.0,0.0,1.0,1.0,1.0,0.0,1.0,0.0,,,,,,,a
8,83,4,3,1,2,0.75,0.25,1.0,2.0,2.0,0.0,2.0,0.0,0.5,1.0,1.0,1.0,2.0,0.5,a
8,84,1,0,1,0,0.0,1.0,,,,,,,0.0,0.0,0.0,1.0,1.0,1.0,a
8,86,1,1,0,1,1.0,0.0,,,,,,,1.0,1.0,1.0,0.0,1.0,0.0,a
8,87,1,1,0,1,1.0,0.0,,,,,,,1.0,1.0,1.0,0.0,1.0,0.0,b
8,88,1,1,0,1,1.0,0.0,1.0,1.0,1.0,0.0,1.0,0.0,,,,,,,a
8,89,1,1,0,1,1.0,0.0,,,,,,,1.0,1.0,1.0,0.0,1.0,0.0,b
8,90,1,0,1,0,0.0,1.0,0.0,0.0,0.0,1.0,1.0,1.0,,,,,,,a
8,91,1,0,1,0,0.0,1.0,,,,,,,0.0,0.0,0.0,1.0,1.0,1.0,b
8,93,1,0,1,0,0.0,1.0,,,,,,,0.0,0.0,0.0,1.0,1.0,1.0,a
8,94,1,1,0,1,1.0,0.0,,,,,,,1.0,1.0,1.0,0.0,1.0,0.0,b
8,95,1,1,0,1,1.0,0.0,1.0,1.0,1.0,0.0,1.0,0.0,,,,,,,a
8,96,2,2,0,2,1.0,0.0,1.0,1.0,1.0,0.0,1.0,0.0,1.0,1.0,1.0,0.0,1.0,0.0,a
8,97,2,1,1,1,0.5,0.5,1.0,1.0,1.0,0.0,1.0,0.0,0.0,0.0,0.0,1.0,1.0,1.0,a
8,98,1,1,0,1,1.0,0.0,,,,,,,1.0,1.0,1.0,0.0,1.0,0.0,a
8,100,2,0,2,0,0.0,1.0,0.0,0.0,0.0,1.0,1.0,1.0,0.0,0.0,0.0,1.0,1.0,1.0,b
8,102,1,0,1,0,0.0,1.0,,,,,,,0.0,0.0,0.0,1.0,1.0,1.0,a
8,103,5,2,3,1,0.4,0.6,0.0,0.0,0.0,2.0,2.0,1.0,0.6666666666666666,2.0,2.0,1.0,3.0,0.3333333333333333,a
8,104,2,2,0,2,1.0,0.0,1.0,1.0,1.0,0.0,1.0,0.0,1.0,1.0,1.0,0.0,1.0,0.0,a
8,105,1,1,0,1,1.0,0.0,,,,,,,1.0,1.0,1.0,0.0,1.0,0.0,a
8,107,1,1,0,1,1.0,0.0,1.0,1.0,1.0,0.0,1.0,0.0,,,,,,,a
8,108,3,2,1,1,0.6666666666666666,0.3333333333333333,0.0,0.0,0.0,1.0,1.0,1.0,1.0,2.0,2.0,0.0,2.0,0.0,a
8,109,1,1,0,1,1.0,0.0,,,,,,,1.0,1.0,1.0,0.0,1.0,0.0,b
8,110,1,1,0,1,1.0,0.0,1.0,1.0,1.0,0.0,1.0,0.0,,,,,,,a
8,111,1,1,0,1,1.0,0.0,,,,,,,1.0,1.0,1.0,0.0,1.0,0.0,a
8,112,3,1,2,1,0.3333333333333333,0.6666666666666666,0.0,0.0,0.0,1.0,1.0,1.0,0.5,1.0,1.0,1.0,2.0,0.5,a
8,113,1,0,1,0,0.0,1.0,,,,,,,0.0,0.0,0.0,1.0,1.0,1.0,a
8,114,3,2,1,2,0.6666666666666666,0.3333333333333333,1.0,1.0,1.0,0.0,1.0,0.0,0.5,1.0,1.0,1.0,2.0,0.5,b
8,115,2,1,1,1,0.5,0.5,0.0,0.0,0.0,1.0,1.0,1.0,1.0,1.0,1.0,0.0,1.0,0.0,a
8,118,1,0,1,0,0.0,1.0,,,,,,,0.0,0.0,0.0,1.0,1.0,1.0,b
8,120,1,0,1,0,0.0,1.0,,,,,,,0.0,0.0,0.0,1.0,1.0,1.0,b
8,121,1,0,1,0,0.0,1.0,,,,,,,0.0,0.0,0.0,1.0,1.0,1.0,a
8,122,1,1,0,1,1.0,0.0,,,,,,,1.0,1.0,1.0,0.0,1.0,0.0,b
8,124,1,1,0,1,1.0,0.0,,,,,,,1.0,1.0,1.0,0.0,1.0,0.0,b
8,125,1,1,0,1,1.0,0.0,1.0,1.0,1.0,0.0,1.0,0.0,,,,,,,a
8,126,1,1,0,1,1.0,0.0,,,,,,,1.0,1.0,1.0,0.0,1.0,0.0,a
8,127,2,2,0,2,1.0,0.0,1.0,1.0,1.0,0.0,1.0,0.0,1.0,1.0,1.0,0.0,1.0,0.0,b
8,128,1,0,1,0,0.0,1.0,0.0,0.0,0.0,1.0,1.0,1.0,,,,,,,a
8,129,1,1,0,1,1.0,0.0,,,,,,,1.0,1.0,1.0,0.0,1.0,0.0,b
8,130,1,0,1,0,0.0,1.0,0.0,0.0,0.0,1.0,1.0,1.0,,,,,,,a
8,131,1,0,1,0,0.0,1.0,,,,,,,0.0,0.0,0.0,1.0,1.0,1.0,a
8,133,2,0,2,0,0.0,1.0,0.0,0.0,0.0,1.0,1.0,1.0,0.0,0.0,0.0,1.0,1.0,1.0,b
8,135,1,1,0,1,1.0,0.0,1.0,1.0,1.0,0.0,1.0,0.0,,,,,,,b
8,136,1,1,0,1,1.0,0.0,1.0,1.0,1.0,0.0,1.0,0.0,,,,,,,b
8,138,4,2,2,2,0.5,0.5,0.5,1.0,1.0,1.0,2.0,0.5,0.5,1.0,1.0,1.0,2.0,0.5,a
8,139,1,1,0,1,1.0,0.0,,,,,,,1.0,1.0,1.0,0.0,1.0,0.0,b
8,140,1,1,0,1,1.0,0.0,,,,,,,1.0,1.0,1.0,0.0,1.0,0.0,b
8,141,1,0,1,0,0.0,1.0,0.0,0.0,0.0,1.0,1.0,1.0,,,,,,,a
8,142,1,1,0,1,1.0,0.0,,,,,,,1.0,1.0,1.0,0.0,1.0,0.0,a
8,143,1,1,0,1,1.0,0.0,,,,,,,1.0,1.0,1.0,0.0,1.0,0.0,b
8,144,1,1,0,1,1.0,0.0,1.0,1.0,1.0,0.0,1.0,0.0,,,,,,,a
8,146,1,1,0,1,1.0,0.0,,,,,,,1.0,1.0,1.0,0.0,1.0,0.0,a
8,147,1,1,0,1,1.0,0.0,,,,,,,1.0,1.0,1.0,0.0,1.0,0.0,b
8,148,1,1,0,1,1.0,0.0,1.0,1.0,1.0,0.0,1.0,0.0,,,,,,,b
8,149,3,0,3,0,0.0,1.0,0.0,0.0,0.0,2.0,2.0,1.0,0.0,0.0,0.0,1.0,1.0,1.0,b
8,150,1,0,1,0,0.0,1.0,0.0,0.0,0.0,1.0,1.0,1.0,,,,,,,b
8,152,1,1,0,1,1.0,0.0,,,,,,,1.0,1.0,1.0,0.0,1.0,0.0,a
8,153,1,1,0,1,1.0,0.0,,,,,,,1.0,1.0,1.0,0.0,1.0,0.0,b
8,154,1,1,0,1,1.0,0.0,1.0,1.0,1.0,0.0,1.0,0.0,,,,,,,a
8,157,1,1,0,1,1.0,0.0,1.0,1.0,1.0,0.0,1.0,0.0,,,,,,,a
8,158,1,1,0,1,1.0,0.0,,,,,,,1.0,1.0,1.0,0.0,1.0,0.0,a
8,159,4,1,3,1,0.25,0.75,0.0,0.0,0.0,2.0,2.0,1.0,0.5,1.0,1.0,1.0,2.0,0.5,b
8,160,2,0,2,0,0.0,1.0,0.0,0.0,0.0,1.0,1.0,1.0,0.0,0.0,0.0,1.0,1.0,1.0,a
8,161,2,1,1,1,0.5,0.5,0.0,0.0,0.0,1.0,1.0,1.0,1.0,1.0,1.0,0.0,1.0,0.0,a
8,162,2,1,1,1,0.5,0.5,0.0,0.0,0.0,1.0,1.0,1.0,1.0,1.0,1.0,0.0,1.0,0.0,b
8,163,1,1,0,1,1.0,0.0,1.0,1.0,1.0,0.0,1.0,0.0,,,,,,,a
8,164,1,1,0,1,1.0,0.0,,,,,,,1.0,1.0,1.0,0.0,1.0,0.0,b
8,165,1,1,0,1,1.0,0.0,1.0,1.0,1.0,0.0,1.0,0.0,,,,,,,b
8,166,1,0,1,0,0.0,1.0,,,,,,,0.0,0.0,0.0,1.0,1.0,1.0,a
8,167,1,1,0,1,1.0,0.0,,,,,,,1.0,1.0,1.0,0.0,1.0,0.0,a
8,168,1,1,0,1,1.0,0.0,,,,,,,1.0,1.0,1.0,0.0,1.0,0.0,b
8,169,1,1,0,1,1.0,0.0,,,,,,,1.0,1.0,1.0,0.0,1.0,0.0,a
8,170,2,1,1,1,0.5,0.5,0.0,0.0,0.0,1.0,1.0,1.0,1.0,1.0,1.0,0.0,1.0,0.0,b
8,171,1,1,0,1,1.0,0.0,1.0,1.0,1.0,0.0,1.0,0.0,,,,,,,a
8,173,1,1,0,1,1.0,0.0,1.0,1.0,1.0,0.0,1.0,0.0,,,,,,,b
8,174,3,2,1,1,0.6666666666666666,0.3333333333333333,1.0,1.0,1.0,0.0,1.0,0.0,0.5,1.0,1.0,1.0,2.0,0.5,a
8,175,4,3,1,2,0.75,0.25,1.0,2.0,2.0,0.0,2.0,0.0,0.5,1.0,1.0,1.0,2.0,0.5,a
9,1,1,1,0,1,1.0,0.0,1.0,1.0,1.0,0.0,1.0,0.0,,,,,,,a
9,2,1,1,0,1,1.0,0.0,,,,,,,1.0,1.0,1.0,0.0,1.0,0.0,a
9,3,1,0,1,0,0.0,1.0,,,,,,,0.0,0.0,0.0,1.0,1.0,1.0,a
9,4,4,2,2,1,0.5,0.5,0.5,1.0,1.0,1.0,2.0,0.5,0.5,1.0,1.0,1.0,2.0,0.5,b
9,7,3,2,1,1,0.6666666666666666,0.3333333333333333,0.0,0.0,0.0,1.0,1.0,1.0,1.0,2.0,2.0,0.0,2.0,0.0,b
9,8,1,1,0,1,1.0,0.0,1.0,1.0,1.0,0.0,1.0,0.0,,,,,,,a
9,9,2,2,0,2,1.0,0.0,1.0,1.0,1.0,0.0,1.0,0.0,1.0,1.0,1.0,0.0,1.0,0.0,a
9,10,1,1,0,1,1.0,0.0,,,,,,,1.0,1.0,1.0,0.0,1.0,0.0,b
9,12,1,1,0,1,1.0,0.0,1.0,1.0,1.0,0.0,1.0,0.0,,,,,,,b
9,14,5,2,3,1,0.4,0.6,0.0,0.0,0.0,2.0,2.0,1.0,0.6666666666666666,2.0,2.0,1.0,3.0,0.3333333333333333,a
9,17,1,1,0,1,1.0,0.0,,,,,,,1.0,1.0,1.0,0.0,1.0,0.0,b
9,19,4,3,1,3,0.75,0.25,0.5,1.0,1.0,1.0,2.0,0.5,1.0,2.0,2.0,0.0,2.0,0.0,a
9,20,3,1,2,1,0.3333333333333333,0.6666666666666666,0.0,0.0,0.0,1.0,1.0,1.0,0.5,1.0,1.0,1.0,2.0,0.5,a
9,21,4,0,4,0,0.0,1.0,0.0,0.0,0.0,1.0,1.0,1.0,0.0,0.0,0.0,3.0,3.0,1.0,b
9,22,1,1,0,1,1.0,0.0,1.0,1.0,1.0,0.0,1.0,0.0,,,,,,,a
9,23,1,1,0,1,1.0,0.0,,,,,,,1.0,1.0,1.0,0.0,1.0,0.0,a
9,26,1,1,0,1,1.0,0.0,,,,,,,1.0,1.0,1.0,0.0,1.0,0.0,b
9,27,1,1,0,1,1.0,0.0,1.0,1.0,1.0,0.0,1.0,0.0,,,,,,,a
9,28,4,2,2,1,0.5,0.5,0.5,1.0,1.0,1.0,2.0,0.5,0.5,1.0,1.0,1.0,2.0,0.5,a
9,29,1,1,0,1,1.0,0.0,,,,,,,1.0,1.0,1.0,0.0,1.0,0.0,a
9,30,3,1,2,1,0.3333333333333333,0.6666666666666666,0.0,0.0,0.0,1.0,1.0,1.0,0.5,1.0,1.0,1.0,2.0,0.5,b
9,31,1,1,0,1,1.0,0.0,1.0,1.0,1.0,0.0,1.0,0.0,,,,,,,a
9,32,3,2,1,1,0.6666666666666666,0.3333333333333333,0.0,0.0,0.0,1.0,1.0,1.0,1.0,2.0,2.0,0.0,2.0,0.0,b
9,33,1,1,0,1,1.0,0.0,1.0,1.0,1.0,0.0,1.0,0.0,,,,,,,a
9,35,1,1,0,1,1.0,0.0,1.0,1.0,1.0,0.0,1.0,0.0,,,,,,,a
9,37,1,1,0,1,1.0,0.0,1.0,1.0,1.0,0.0,1.0,0.0,,,,,,,a
9,39,1,1,0,1,1.0,0.0,1.0,1.0,1.0,0.0,1.0,0.0,,,,,,,a
9,40,2,1,1,1,0.5,0.5,0.0,0.0,0.0,1.0,1.0,1.0,1.0,1.0,1.0,0.0,1.0,0.0,b
9,43,1,1,0,1,1.0,0.0,1.0,1.0,1.0,0.0,1.0,0.0,,,,,,,a
9,44,1,1,0,1,1.0,0.0,,,,,,,1.0,1.0,1.0,0.0,1.0,0.0,b
9,45,1,1,0,1,1.0,0.0,1.0,1.0,1.0,0.0,1.0,0.0,,,,,,,a
9,46,6,2,4,1,0.3333333333333333,0.6666666666666666,0.3333333333333333,1.0,1.0,2.0,3.0,0.6666666666666666,0.3333333333333333,1.0,1.0,2.0,3.0,0.6666666666666666,b
9,48,1,1,0,1,1.0,0.0,,,,,,,1.0,1.0,1.0,0.0,1.0,0.0,b
9,49,2,1,1,1,0.5,0.5,0.0,0.0,0.0,1.0,1.0,1.0,1.0,1.0,1.0,0.0,1.0,0.0,b
9,50,1,1,0,1,1.0,0.0,1.0,1.0,1.0,0.0,1.0,0.0,,,,,,,a
9,51,1,1,0,1,1.0,0.0,,,,,,,1.0,1.0,1.0,0.0,1.0,0.0,b
9,53,1,1,0,1,1.0,0.0,,,,,,,1.0,1.0,1.0,0.0,1.0,0.0,b
9,54,3,0,3,0,0.0,1.0,0.0,0.0,0.0,2.0,2.0,1.0,0.0,0.0,0.0,1.0,1.0,1.0,a
9,56,2,1,1,1,0.5,0.5,0.0,0.0,0.0,1.0,1.0,1.0,1.0,1.0,1.0,0.0,1.0,0.0,b
9,58,1,0,1,0,0.0,1.0,,,,,,,0.0,0.0,0.0,1.0,1.0,1.0,b
9,59,1,0,1,0,0.0,1.0,0.0,0.0,0.0,1.0,1.0,1.0,,,,,,,
9,60,1,1,0,1,1.0,0.0,,,,,,,1.0,1.0,1.0,0.0,1.0,0.0,b
9,66,3,1,2,1,0.3333333333333333,0.6666666666666666,1.0,1.0,1.0,0.0,1.0,0.0,0.0,0.0,0.0,2.0,2.0,1.0,b
9,68,1,1,0,1,1.0,0.0,,,,,,,1.0,1.0,1.0,0.0,1.0,0.0,a
9,70,2,1,1,1,0.5,0.5,0.5,1.0,1.0,1.0,2.0,0.5,,,,,,,a
9,71,1,0,1,0,0.0,1.0,,,,,,,0.0,0.0,0.0,1.0,1.0,1.0,a
9,72,1,0,1,0,0.0,1.0,,,,,,,0.0,0.0,0.0,1.0,1.0,1.0,a
9,73,1,1,0,1,1.0,0.0,,,,,,,1.0,1.0,1.0,0.0,1.0,0.0,b
9,75,3,2,1,1,0.6666666666666666,0.3333333333333333,0.0,0.0,0.0,1.0,1.0,1.0,1.0,2.0,2.0,0.0,2.0,0.0,b
9,78,1,1,0,1,1.0,0.0,1.0,1.0,1.0,0.0,1.0,0.0,,,,,,,b
9,80,2,0,2,0,0.0,1.0,0.0,0.0,0.0,1.0,1.0,1.0,0.0,0.0,0.0,1.0,1.0,1.0,a
9,81,1,1,0,1,1.0,0.0,,,,,,,1.0,1.0,1.0,0.0,1.0,0.0,b
9,82,1,0,1,0,0.0,1.0,0.0,0.0,0.0,1.0,1.0,1.0,,,,,,,a
9,83,1,1,0,1,1.0,0.0,,,,,,,1.0,1.0,1.0,0.0,1.0,0.0,b
9,85,1,1,0,1,1.0,0.0,1.0,1.0,1.0,0.0,1.0,0.0,,,,,,,a
9,87,3,1,2,1,0.3333333333333333,0.6666666666666666,0.0,0.0,0.0,1.0,1.0,1.0,0.5,1.0,1.0,1.0,2.0,0.5,a
9,88,2,1,1,1,0.5,0.5,0.0,0.0,0.0,1.0,1.0,1.0,1.0,1.0,1.0,0.0,1.0,0.0,a
9,89,1,0,1,0,0.0,1.0,,,,,,,0.0,0.0,0.0,1.0,1.0,1.0,b
9,90,3,0,3,0,0.0,1.0,0.0,0.0,0.0,2.0,2.0,1.0,0.0,0.0,0.0,1.0,1.0,1.0,b
9,91,2,1,1,1,0.5,0.5,1.0,1.0,1.0,0.0,1.0,0.0,0.0,0.0,0.0,1.0,1.0,1.0,b
9,92,1,1,0,1,1.0,0.0,1.0,1.0,1.0,0.0,1.0,0.0,,,,,,,a
9,94,1,1,0,1,1.0,0.0,,,,,,,1.0,1.0,1.0,0.0,1.0,0.0,b
9,95,1,1,0,1,1.0,0.0,1.0,1.0,1.0,0.0,1.0,0.0,,,,,,,a
9,96,1,0,1,0,0.0,1.0,,,,,,,0.0,0.0,0.0,1.0,1.0,1.0,b
9,98,1,1,0,1,1.0,0.0,,,,,,,1.0,1.0,1.0,0.0,1.0,0.0,b
9,99,1,1,0,1,1.0,0.0,1.0,1.0,1.0,0.0,1.0,0.0,,,,,,,a
9,101,1,1,0,1,1.0,0.0,,,,,,,1.0,1.0,1.0,0.0,1.0,0.0,a
9,102,3,2,1,2,0.6666666666666666,0.3333333333333333,1.0,2.0,2.0,0.0,2.0,0.0,0.0,0.0,0.0,1.0,1.0,1.0,a
9,103,2,1,1,1,0.5,0.5,0.0,0.0,0.0,1.0,1.0,1.0,1.0,1.0,1.0,0.0,1.0,0.0,b
9,104,1,0,1,0,0.0,1.0,0.0,0.0,0.0,1.0,1.0,1.0,,,,,,,a
9,105,1,1,0,1,1.0,0.0,,,,,,,1.0,1.0,1.0,0.0,1.0,0.0,b
9,106,3,1,2,1,0.3333333333333333,0.6666666666666666,0.5,1.0,1.0,1.0,2.0,0.5,0.0,0.0,0.0,1.0,1.0,1.0,b
9,107,1,1,0,1,1.0,0.0,1.0,1.0,1.0,0.0,1.0,0.0,,,,,,,b
9,109,2,1,1,1,0.5,0.5,0.0,0.0,0.0,1.0,1.0,1.0,1.0,1.0,1.0,0.0,1.0,0.0,b
9,110,2,2,0,2,1.0,0.0,1.0,1.0,1.0,0.0,1.0,0.0,1.0,1.0,1.0,0.0,1.0,0.0,b
9,111,1,0,1,0,0.0,1.0,0.0,0.0,0.0,1.0,1.0,1.0,,,,,,,a
9,112,1,1,0,1,1.0,0.0,,,,,,,1.0,1.0,1.0,0.0,1.0,0.0,b
9,115,2,0,2,0,0.0,1.0,0.0,0.0,0.0,1.0,1.0,1.0,0.0,0.0,0.0,1.0,1.0,1.0,a
9,116,1,1,0,1,1.0,0.0,,,,,,,1.0,1.0,1.0,0.0,1.0,0.0,b
9,118,1,0,1,0,0.0,1.0,,,,,,,0.0,0.0,0.0,1.0,1.0,1.0,a
9,119,1,0,1,0,0.0,1.0,,,,,,,0.0,0.0,0.0,1.0,1.0,1.0,a
9,120,1,0,1,0,0.0,1.0,0.0,0.0,0.0,1.0,1.0,1.0,,,,,,,a
9,121,2,1,1,1,0.5,0.5,0.0,0.0,0.0,1.0,1.0,1.0,1.0,1.0,1.0,0.0,1.0,0.0,a
9,122,1,0,1,0,0.0,1.0,,,,,,,0.0,0.0,0.0,1.0,1.0,1.0,a
9,123,1,0,1,0,0.0,1.0,,,,,,,0.0,0.0,0.0,1.0,1.0,1.0,b
9,124,1,0,1,0,0.0,1.0,0.0,0.0,0.0,1.0,1.0,1.0,,,,,,,b
9,125,3,1,2,1,0.3333333333333333,0.6666666666666666,0.5,1.0,1.0,1.0,2.0,0.5,0.0,0.0,0.0,1.0,1.0,1.0,b
9,126,1,0,1,0,0.0,1.0,0.0,0.0,0.0,1.0,1.0,1.0,,,,,,,b
9,127,2,0,2,0,0.0,1.0,0.0,0.0,0.0,1.0,1.0,1.0,0.0,0.0,0.0,1.0,1.0,1.0,b
9,128,4,2,2,1,0.5,0.5,0.6666666666666666,2.0,2.0,1.0,3.0,0.3333333333333333,0.0,0.0,0.0,1.0,1.0,1.0,a
9,129,1,1,0,1,1.0,0.0,,,,,,,1.0,1.0,1.0,0.0,1.0,0.0,b
9,130,2,2,0,2,1.0,0.0,1.0,2.0,2.0,0.0,2.0,0.0,,,,,,,a
9,131,1,1,0,1,1.0,0.0,,,,,,,1.0,1.0,1.0,0.0,1.0,0.0,b
9,133,1,1,0,1,1.0,0.0,,,,,,,1.0,1.0,1.0,0.0,1.0,0.0,b
9,134,2,2,0,2,1.0,0.0,1.0,1.0,1.0,0.0,1.0,0.0,1.0,1.0,1.0,0.0,1.0,0.0,b
9,136,2,1,1,1,0.5,0.5,1.0,1.0,1.0,0.0,1.0,0.0,0.0,0.0,0.0,1.0,1.0,1.0,a
9,137,1,1,0,1,1.0,0.0,,,,,,,1.0,1.0,1.0,0.0,1.0,0.0,b
9,138,2,2,0,2,1.0,0.0,1.0,1.0,1.0,0.0,1.0,0.0,1.0,1.0,1.0,0.0,1.0,0.0,b
9,139,4,1,3,1,0.25,0.75,0.5,1.0,1.0,1.0,2.0,0.5,0.0,0.0,0.0,2.0,2.0,1.0,b
9,140,4,3,1,2,0.75,0.25,0.5,1.0,1.0,1.0,2.0,0.5,1.0,2.0,2.0,0.0,2.0,0.0,a
9,144,1,1,0,1,1.0,0.0,1.0,1.0,1.0,0.0,1.0,0.0,,,,,,,a
9,145,1,0,1,0,0.0,1.0,,,,,,,0.0,0.0,0.0,1.0,1.0,1.0,a
9,146,1,1,0,1,1.0,0.0,,,,,,,1.0,1.0,1.0,0.0,1.0,0.0,b
9,147,1,1,0,1,1.0,0.0,1.0,1.0,1.0,0.0,1.0,0.0,,,,,,,a
9,148,1,1,0,1,1.0,0.0,,,,,,,1.0,1.0,1.0,0.0,1.0,0.0,b
9,149,2,1,1,1,0.5,0.5,0.0,0.0,0.0,1.0,1.0,1.0,1.0,1.0,1.0,0.0,1.0,0.0,b
9,151,2,0,2,0,0.0,1.0,0.0,0.0,0.0,1.0,1.0,1.0,0.0,0.0,0.0,1.0,1.0,1.0,a
9,152,1,1,0,1,1.0,0.0,,,,,,,1.0,1.0,1.0,0.0,1.0,0.0,b
9,153,2,0,2,0,0.0,1.0,0.0,0.0,0.0,1.0,1.0,1.0,0.0,0.0,0.0,1.0,1.0,1.0,b
9,154,1,1,0,1,1.0,0.0,1.0,1.0,1.0,0.0,1.0,0.0,,,,,,,a
9,155,1,1,0,1,1.0,0.0,,,,,,,1.0,1.0,1.0,0.0,1.0,0.0,b
9,156,3,2,1,1,0.6666666666666666,0.3333333333333333,1.0,2.0,2.0,0.0,2.0,0.0,0.0,0.0,0.0,1.0,1.0,1.0,b
9,157,3,0,3,0,0.0,1.0,0.0,0.0,0.0,2.0,2.0,1.0,0.0,0.0,0.0,1.0,1.0,1.0,b
9,158,1,1,0,1,1.0,0.0,1.0,1.0,1.0,0.0,1.0,0.0,,,,,,,a
9,159,3,1,2,1,0.3333333333333333,0.6666666666666666,0.0,0.0,0.0,1.0,1.0,1.0,0.5,1.0,1.0,1.0,2.0,0.5,b
9,160,3,2,1,1,0.6666666666666666,0.3333333333333333,1.0,2.0,2.0,0.0,2.0,0.0,0.0,0.0,0.0,1.0,1.0,1.0,a
9,161,3,2,1,1,0.6666666666666666,0.3333333333333333,1.0,1.0,1.0,0.0,1.0,0.0,0.5,1.0,1.0,1.0,2.0,0.5,a
9,162,5,5,0,5,1.0,0.0,1.0,3.0,3.0,0.0,3.0,0.0,1.0,2.0,2.0,0.0,2.0,0.0,a
9,163,1,1,0,1,1.0,0.0,,,,,,,1.0,1.0,1.0,0.0,1.0,0.0,a
9,164,1,1,0,1,1.0,0.0,,,,,,,1.0,1.0,1.0,0.0,1.0,0.0,b
9,166,4,1,3,1,0.25,0.75,0.0,0.0,0.0,2.0,2.0,1.0,0.5,1.0,1.0,1.0,2.0,0.5,b
9,167,1,1,0,1,1.0,0.0,1.0,1.0,1.0,0.0,1.0,0.0,,,,,,,b
9,168,1,1,0,1,1.0,0.0,1.0,1.0,1.0,0.0,1.0,0.0,,,,,,,a
9,169,1,0,1,0,0.0,1.0,,,,,,,0.0,0.0,0.0,1.0,1.0,1.0,b
9,170,3,2,1,1,0.6666666666666666,0.3333333333333333,1.0,2.0,2.0,0.0,2.0,0.0,0.0,0.0,0.0,1.0,1.0,1.0,a
9,171,1,1,0,1,1.0,0.0,,,,,,,1.0,1.0,1.0,0.0,1.0,0.0,b
9,172,3,0,3,0,0.0,1.0,0.0,0.0,0.0,2.0,2.0,1.0,0.0,0.0,0.0,1.0,1.0,1.0,a
9,173,1,1,0,1,1.0,0.0,,,,,,,1.0,1.0,1.0,0.0,1.0,0.0,b
9,174,1,1,0,1,1.0,0.0,1.0,1.0,1.0,0.0,1.0,0.0,,,,,,,a
9,175,1,1,0,1,1.0,0.0,,,,,,,1.0,1.0,1.0,0.0,1.0,0.0,b
9,177,3,2,1,1,0.6666666666666666,0.3333333333333333,0.0,0.0,0.0,1.0,1.0,1.0,1.0,2.0,2.0,0.0,2.0,0.0,b
9,178,2,1,1,1,0.5,0.5,1.0,1.0,1.0,0.0,1.0,0.0,0.0,0.0,0.0,1.0,1.0,1.0,b
9,179,1,1,0,1,1.0,0.0,1.0,1.0,1.0,0.0,1.0,0.0,,,,,,,a
9,180,3,2,1,1,0.6666666666666666,0.3333333333333333,0.0,0.0,0.0,1.0,1.0,1.0,1.0,2.0,2.0,0.0,2.0,0.0,b
9,182,1,1,0,1,1.0,0.0,,,,,,,1.0,1.0,1.0,0.0,1.0,0.0,b
9,183,1,0,1,0,0.0,1.0,0.0,0.0,0.0,1.0,1.0,1.0,,,,,,,a
9,184,2,1,1,1,0.5,0.5,0.0,0.0,0.0,1.0,1.0,1.0,1.0,1.0,1.0,0.0,1.0,0.0,a
9,185,1,1,0,1,1.0,0.0,,,,,,,1.0,1.0,1.0,0.0,1.0,0.0,b
9,187,2,0,2,0,0.0,1.0,0.0,0.0,0.0,2.0,2.0,1.0,,,,,,,a
9,188,1,1,0,1,1.0,0.0,,,,,,,1.0,1.0,1.0,0.0,1.0,0.0,b
9,189,1,1,0,1,1.0,0.0,1.0,1.0,1.0,0.0,1.0,0.0,,,,,,,a
9,190,1,1,0,1,1.0,0.0,,,,,,,1.0,1.0,1.0,0.0,1.0,0.0,b
9,191,4,2,2,1,0.5,0.5,0.6666666666666666,1.0,2.0,1.0,3.0,0.3333333333333333,0.0,0.0,0.0,1.0,1.0,1.0,b
9,192,1,1,0,1,1.0,0.0,1.0,1.0,1.0,0.0,1.0,0.0,,,,,,,a
9,194,1,1,0,1,1.0,0.0,1.0,1.0,1.0,0.0,1.0,0.0,,,,,,,a
9,195,1,1,0,1,1.0,0.0,,,,,,,1.0,1.0,1.0,0.0,1.0,0.0,b
9,196,4,1,3,1,0.25,0.75,0.5,1.0,1.0,1.0,2.0,0.5,0.0,0.0,0.0,2.0,2.0,1.0,a
9,197,1,1,0,1,1.0,0.0,,,,,,,1.0,1.0,1.0,0.0,1.0,0.0,b
9,198,1,1,0,1,1.0,0.0,1.0,1.0,1.0,0.0,1.0,0.0,,,,,,,a
9,199,1,1,0,1,1.0,0.0,,,,,,,1.0,1.0,1.0,0.0,1.0,0.0,b
9,200,1,0,1,0,0.0,1.0,0.0,0.0,0.0,1.0,1.0,1.0,,,,,,,a
9,202,1,1,0,1,1.0,0.0,1.0,1.0,1.0,0.0,1.0,0.0,,,,,,,a
9,203,1,0,1,0,0.0,1.0,,,,,,,0.0,0.0,0.0,1.0,1.0,1.0,a
9,204,3,1,2,1,0.3333333333333333,0.6666666666666666,0.0,0.0,0.0,2.0,2.0,1.0,1.0,1.0,1.0,0.0,1.0,0.0,a
9,205,3,1,2,1,0.3333333333333333,0.6666666666666666,0.0,0.0,0.0,1.0,1.0,1.0,0.5,1.0,1.0,1.0,2.0,0.5,a
9,206,3,2,1,1,0.6666666666666666,0.3333333333333333,0.0,0.0,0.0,1.0,1.0,1.0,1.0,2.0,2.0,0.0,2.0,0.0,a
9,207,1,1,0,1,1.0,0.0,,,,,,,1.0,1.0,1.0,0.0,1.0,0.0,b
9,208,1,1,0,1,1.0,0.0,1.0,1.0,1.0,0.0,1.0,0.0,,,,,,,a
9,209,1,0,1,0,0.0,1.0,,,,,,,0.0,0.0,0.0,1.0,1.0,1.0,b
9,210,1,0,1,0,0.0,1.0,0.0,0.0,0.0,1.0,1.0,1.0,,,,,,,a
9,211,2,0,2,0,0.0,1.0,0.0,0.0,0.0,1.0,1.0,1.0,0.0,0.0,0.0,1.0,1.0,1.0,a
9,212,1,1,0,1,1.0,0.0,,,,,,,1.0,1.0,1.0,0.0,1.0,0.0,a
9,213,2,0,2,0,0.0,1.0,,,,,,,0.0,0.0,0.0,2.0,2.0,1.0,a
